ID,official_name,nahuatl,type,verified_subchapter,verified illustration,illustration_name,spelling,page,filename
ID028,Eca-patli,Eca-patli,plant,1a; 5h; 6d; 6e; xiuh-ecapatli 8j; eca-patli 8j; xiuh-ecapatli 8k; 8l; xiuh-ecapatli 9b; 9p; xiuh-ecapatli 10b; xiuh-ecapatli 10f; xiuh-ecapatli 12a,Xiuh-ecapatli 7,p007_01,xiuh-ecapatli,7,D_ID028_p007_01_Eca-patli.png
ID028,Eca-patli,Eca-patli,plant,1a; 5h; 6d; 6e; xiuh-ecapatli 8j; eca-patli 8j; xiuh-ecapatli 8k; 8l; xiuh-ecapatli 9b; 9p; xiuh-ecapatli 10b; xiuh-ecapatli 10f; xiuh-ecapatli 12a,Xiuh-ecapatli 7,p065_01,xiuh-ecapatli,7,M_ID028_p065_01_Eca-patli.png
ID049,Iztac oco-xochitl,Iztac oco-xochitl,plant,1a,Iztac ocoxochitl 7,p007_02,iztac ocoxochitl,7,D_ID049_p007_02_Iztac_oco-xochitl.png
ID150,Te-amoxtli,Te-amoxtli,plant,1a; 5d; 5e; 8b; 8g; 9f; 9p; 9q; 12b,7,p007_03,te-amoxtli,7,D_ID150_p007_03_Te-amoxtli.png
ID150,Te-amoxtli,Te-amoxtli,plant,1a; 5d; 5e; 8b; 8g; 9f; 9p; 9q; 12b,7,p029_02,te-amoxtli,7,D_ID150_p029_02_Te-amoxtli.png
ID092,Chipauac xihuitl,Chipauac xihuitl,plant,chipauac 1b,8,p008_01,chipauac xihuitl,8,D_ID092_p008_01_Chipauac_xihuitl.png
ID220,Tla-yapaloni,Tla-yapaloni,plant,1b; tlayapaloni 9f; 9n; 12a,8,p008_02,tla-yapaloni,8,D_ID220_p008_02_Tla-yapaloni.png
ID251,Quauhtla xoxocoyolin,Quauhtla xoxocoyolin,plant,,quauhtla-xoxocoyolin 9,p009_01,quauhtla-xoxocoyolin,9,D_ID251_p009_01_Quauhtla_xoxocoyolin.png
ID176,Tezon-patli,Tezon-patli,plant,1d,10,p010_01,tezon-patli,10,D_ID176_p010_01_Tezon-patli.png
ID103,Huitz-quilitl,Huitz-quilitl,plant,1d; 9e; 9e; 9p,10,p010_02,huitz-quilitl,10,D_ID103_p010_02_Huitz-quilitl.png
ID163,Tequam-maitl,Tequam-maitl,plant,1d,10,p010_03,tequam-maitl,10,D_ID163_p010_03_Tequam-maitl.png
ID012,Xiuh-amolli,Xiuh-amolli,plant,1e,11,p011_01,xiuh-amolli,11,D_ID012_p011_01_Xiuh-amolli.png
ID184,Xiuhuitl tonalco-mochiva hahuachcho,Xiuhuitl tonalco-mochiva hahuachcho,plant,ahhuachcho tonatiuh-yxiuh 7g; tonatiuh-yxiuh ahhuachcho 7h,12,p012_01,xiuhuitl tonalco-mochiva hahuachcho,12,D_ID184_p012_01_Xiuhuitl_tonalco-mochiva_hahuachcho.png
ID240,Xal-tomatl,Xal-tomatl,plant,5e; 9e; 11a,14,p014_01,xal-tomatl,14,D_ID240_p014_01_Xal-tomatl.png
ID110,Matlal-xochitl,Matlal-xochitl,plant,2b; xoxouhqui matlal-xochitl 2b,14,p014_02,matlal-xochitl,14,D_ID110_p014_02_Matlal-xochitl.png
ID250,Ohua-xoxocoyolin,Ohua-xoxocoyolin,plant,ohua-xocoyolin 7j; ohua-xocoyolin 8c; ohua-xocoyolin 9h,17,p017_01,ohua-xoxocoyolin,17,D_ID250_p017_01_Ohua-xoxocoyolin.png
ID107,Malinalli,Malinalli,plant,2e; 5h; 11c,18,p018_01,malinalli,18,D_ID107_p018_01_Malinalli.png
ID172,Tetzmitl,Tetzmitl,plant,2f; 9b; 9e; 9e; 9l; 9p,19,p019_01,tetzmitl,19,D_ID172_p019_01_Tetzmitl.png
ID164,Tequixqui-zacatl,Tequixqui-zacatl,plant,2f,19,p019_02,tequixqui-zacatl,19,D_ID164_p019_02_Tequixqui-zacatl.png
ID221,Tlazol-patli,Tlazol-patli,plant,2g; 9b,Azcapan-ixua-tlazol-patli 20,p020_01,azcapan-ixua-tlazol-patli,20,D_ID221_p020_01_Tlazol-patli.png
ID077,Huihuitzyo-cochiz-xihuitl,Huihuitzyo-cochiz-xihuitl,plant,2g,20,p020_02,huihuitzyo-cochiz-xihuitl,20,D_ID077_p020_02_Huihuitzyo-cochiz-xihuitl.png
ID076,Cochiz-xihuitl,Cochiz-xihuitl,plant,2g,20,p020_03,cochiz-xihuitl,20,D_ID076_p020_03_Cochiz-xihuitl.png
ID112,Maza-yelli,Maza-yelli,plant,3a,22,p022_01,maza-yelli,22,D_ID112_p022_01_Maza-yelli.png
ID252,xoxouhca-patli,Xoxouhqui; xoxouhca-patli,plant,xoxouhqui-patli 3a; quetzal-xoxouhqui 6i; xoxouhca-patli 8g,xoxouhqui-patli 22,p022_02,xoxouhqui-patli,22,D_ID252_p022_02_xoxouhca-patli.png
ID252,xoxouhca-patli,Xoxouhqui; xoxouhca-patli,plant,xoxouhqui-patli 3a; quetzal-xoxouhqui 6i; xoxouhca-patli 8g,xoxouhqui-patli 22,p063_01,xoxouhqui-patli,22,M_ID252_p063_01_xoxouhca-patli.png
ID213,Tlaquilin,Tlaquilin,plant,3a; 9i; 9m,22,p022_03,tlaquilin,22,D_ID213_p022_03_Tlaquilin.png
ID236,Tzon-pilihuiz-xihuitl,Tzon-pilihuiz-xihuitl,plant,tzonpilihuiz-xihuitl 4a; tzonpilihuiz-xihuitl 7g,tzonpilihuiz xihuitl 24,p024_01,tzonpilihuiz xihuitl,24,D_ID236_p024_01_Tzon-pilihuiz-xihuitl.png
ID015,A-toch-ietl,A-toch-ietl,plant,4a,24,p024_02,a-toch-ietl,24,D_ID015_p024_02_A-toch-ietl.png
ID039,Iztac-patli,Iztac-patli,plant,4b,iztac patli 25,p025_01,iztac patli,25,D_ID039_p025_01_Iztac-patli.png
ID228,A-tzitzicaztli,A-tzitzicaztli,plant,,26,p026_01,a-tzitzicaztli,26,D_ID228_p026_01_A-tzitzicaztli.png
ID124,Teo-nochtli,Teo-nochtli,plant,5c,28,p028_01,teo-nochtli,28,D_ID124_p028_01_Teo-nochtli.png
ID208,Tlanextia xiuhtontli,Tlanextia xiuhtontli,plant,tlanexti 5d; tlanexti 5f; 5i; tlanexti-xiuhtontli 7l; tlanexti-xiuhtontli 7m; tlanextia xihuitl 9b; tlanextia xihuitl 9f; tlanextia 11a,29,p029_01,tlanextia xiuhtontli,29,D_ID208_p029_01_Tlanextia_xiuhtontli.png
ID180,Tol-patlactli,Tol-patlactli,plant,5d; tol-patlctli 9e,29,p029_03,tol-patlactli,29,D_ID180_p029_03_Tol-patlactli.png
ID094,Huacal-xochitl,Huacal-xochitl,plant,2b; 5e; 7b; 8l; 10k,huacal xochitl 30,p030_01,huacal xochitl,30,D_ID094_p030_01_Huacal-xochitl.png
ID041,Teo-iztaquilitl,Teo-iztaquilitl,plant,teo-iztac-quilitl 5f; 7b; 7h; teo-iztacuilitl 9b; 9e,chichiltic teo-iztaquilitl tlalli 31,p031_01,chichiltic teo-iztaquilitl tlalli,31,D_ID041_p031_01_Teo-iztaquilitl.png
ID041,Teo-iztaquilitl,Teo-iztaquilitl,plant,teo-iztac-quilitl 5f; 7b; 7h; teo-iztacuilitl 9b; 9e,chichiltic teo-iztaquilitl tlalli 31,p051_01,chichiltic teo-iztaquilitl tlalli,31,N_ID041_p051_01_Teo-iztaquilitl.png
ID142,Quauhtla xoxocoyolin,Quauhtla xoxocoyolin,plant,,32,p032_01,quauhtla xoxocoyolin,32,D_ID142_p032_01_Quauhtla_xoxocoyolin.png
ID033,Ez-patli,Ez-patli,plant,,33,p033_01,ez-patli,33,D_ID033_p033_01_Ez-patli.png
ID100,Huitz-colotli,Huitz-colotli,plant,5h; huitz-colo-xochitl 5h,huitz-colohtli 33,p033_02,huitz-colohtli,33,D_ID100_p033_02_Huitz-colotli.png
ID215,Tlatlanquaye,Tlatlanquaye,plant,1b; 3a; 5i; 6a; 7f; 7i; 7l; 8k; tlatlan-quaye 9a; 9f; 9g; 9h; 9i; 9m; 9n; 9q;12a,34,p034_01,tlatlanquaye,34,D_ID215_p034_01_Tlatlanquaye.png
ID215,Tlatlanquaye,Tlatlanquaye,plant,1b; 3a; 5i; 6a; 7f; 7i; 7l; 8k; tlatlan-quaye 9a; 9f; 9g; 9h; 9i; 9m; 9n; 9q;12a,34,p073_02,tlatlanquaye,34,K_ID215_p073_02_Tlatlanquaye.png
ID178,Tolohua xihuitl,Tolova; Tolohua; Tolohua xihuitl,plant,3a; tolova-xihuitl 6f; tolohua 6g; tolohua-xihuitl 7e; tolohua-xihuitl 8a; tolohua-xihuitl 8i; tolohua-xihuitl 8j; tolohua-xihuitl 9n,tolova xihuitl 41,p049_01,tolova xihuitl,41,N_ID178_p049_01_Tolohua_xihuitl.png
ID233,Tzitzicton,Tzitzicton,plant,7b; 8h,46,p064_02,tzitzicton,46,M_ID233_p064_02_Tzitzicton.png
ID121,Nexehuac,Nexehuac,plant,7e,49,p049_02,nexehuac,49,N_ID121_p049_02_Nexehuac.png
ID020,A-yecotli,A-yecotli,plant,,50,p050_01,a-yecotli,50,N_ID020_p050_01_A-yecotli.png
ID258,Tonatiuh yxiuh,Tonatiuh yxiuh,plant,tonatiuh-yxiuh 7h,Tonatiuh yxiuh pepetlaca 51,p051_02,tonatiuh yxiuh pepetlaca,51,N_ID258_p051_02_Tonatiuh_yxiuh.png
ID104,Quauhtla huitz-quilitl,Quauhtla huitz-quilitl,plant,7m; 9a; cuauhtla huita-quilitl 9b,55,p073_01,quauhtla huitz-quilitl,55,K_ID104_p073_01_Quauhtla_huitz-quilitl.png
ID085,Coyo-xihuitl,Coyo-xihuitl; Coyo-xihuitl tlaztalehualtic,plant,coyo-xihuitl tlaztalehualtic 8e; coyo-xihuitl 8g; coyo-xihuitl 8j; coyo-xihuitl 9e; coyo-xihuitl 9g; coyo-xihuitl 9l,coyo-xihuitl tlaztalehualtic 61,p061_01,coyo-xihuitl tlaztalehualtic,61,M_ID085_p061_01_Coyo-xihuitl.png
ID131,Piltzinte-couh-xochitl,Piltzinte-couh-xochitl,plant,piltzin-tecouh-xochitl 8f; piltzin-tecouh-xochitl 8j,pilzinte-couh xochitl chiyaua 62,p062_01,pilzinte-couh xochitl chiyaua,62,M_ID131_p062_01_Piltzinte-couh-xochitl.png
ID131,Piltzinte-couh-xochitl,Piltzinte-couh-xochitl,plant,piltzin-tecouh-xochitl 8f; piltzin-tecouh-xochitl 8j,pilzinte-couh xochitl chiyaua 62,p067_02,pilzinte-couh xochitl chiyaua,62,M_ID131_p067_02_Piltzinte-couh-xochitl.png
ID133,Quappo-quietl,Quappo-quietl,plant,8f,62,p062_02,quappo-quietl,62,M_ID133_p062_02_Quappo-quietl.png
ID053,Te-xochitl yamanqui,Te-xochitl yamanqui,plant,yamanqui te-xochitl 8h,te-xochitl yamanqui 64,p064_01,te-xochitl yamanqui,64,M_ID053_p064_01_Te-xochitl_yamanqui.png
ID003,A-chilli,A-chilli,plant,8j,65,p065_02,a-chilli,65,M_ID003_p065_02_A-chilli.png
ID105,Huitzihtzil-xochitl,Huitzihtzil-xochitl,plant,8k; huitbitzil xochitil 9q; huitzitzil-xochitl 12a,huitzihtzil xochitl 66,p066_01,huitzihtzil xochitl,66,M_ID105_p066_01_Huitzihtzil-xochitl.png
ID186,Totonqui xochitl,Totonqui xochitl,plant,,67,p067_01,totonqui xochitl,67,M_ID186_p067_01_Totonqui_xochitl.png
ID186,Totonqui xochitl,Totonqui xochitl,plant,,67,p067_07,totonqui xochitl,67,M_ID186_p067_07_Totonqui_xochitl.png
ID086,Coz-canantzi,Coz-canantzi,plant,,67,p067_03,coz-canantzi,67,M_ID086_p067_03_Coz-canantzi.png
ID159,Tepa-quilti xiuhtontli,Tepa-quilti xiuhtontli,plant,,Tepaquilti xiuhtontli 67,p067_04,tepaquilti xiuhtontli,67,M_ID159_p067_04_Tepa-quilti_xiuhtontli.png
ID119,Mocuepani-xochitl,Mocuepani-xochitl,plant,,mocuepani xochitl 67,p067_05,mocuepani xochitl,67,M_ID119_p067_05_Mocuepani-xochitl.png
ID183,Tonal-xochitl,Tonal-xochitl,plant,,Tonal xochitl 67,p067_06,tonal xochitl,67,M_ID183_p067_06_Tonal-xochitl.png
ID067,Cecen-tlacol,Cecen-tlacol,plant,,Cecen tlacol 67,p067_08,cecen tlacol,67,M_ID067_p067_08_Cecen-tlacol.png
ID245,Xiuh-patli,Xiuh-patli,plant,xiuhpatli 11c,xiuh pahtli 67,p067_09,xiuh pahtli,67,M_ID245_p067_09_Xiuh-patli.png
ID115,Metzli-yzacauh,Metzli-yzacauh,plant,,metzli yzacauh 67,p067_10,metzli yzacauh,67,M_ID115_p067_10_Metzli-yzacauh.png
ID098,Huetzcani xochitl,Huetzcani xochitl,plant,,67,p067_11,huetzcani xochitl,67,M_ID098_p067_11_Huetzcani_xochitl.png
ID152,Temahuitztih-quahuitl,Temahuitztih-quahuitl,plant,,temahuiztih quahuitl 68,p068_01,temahuiztih quahuitl,68,M_ID152_p068_01_Temahuitztih-quahuitl.png
ID152,Temahuitztih-quahuitl,Temahuitztih-quahuitl,plant,,temahuiztih quahuitl 68,p069_06,temahuiztih quahuitl,68,K_ID152_p069_06_Temahuitztih-quahuitl.png
ID212,Tlapol-cacahuatl,Tlapol-cacahuatl,plant,tlapal-cacahuatl 8l,68,p068_02,tlapol-cacahuatl,68,M_ID212_p068_02_Tlapol-cacahuatl.png
ID174,Texcal-ama-coztli,Texcal-ama-coztli,plant,,texcalama-coztli 68,p068_03,texcalama-coztli,68,M_ID174_p068_03_Texcal-ama-coztli.png
ID075,Cohua-xocotl,Cohua-xocotl,plant,,coa-xocotl 68,p068_04,coa-xocotl,68,M_ID075_p068_04_Cohua-xocotl.png
ID040,Iztac-quahuitl,Iztac-quahuitl,plant,,iztac quahuitl 68,p068_05,iztac quahuitl,68,M_ID040_p068_05_Iztac-quahuitl.png
ID035,Teo-ezquahuitl,Teo-ezquahuitl,plant,,teo-ez-quahuitl 68,p068_06,teo-ez-quahuitl,68,M_ID035_p068_06_Teo-ezquahuitl.png
ID037,Huitz-quahuitl,Huitz-quahuitl,plant,8l; 9d,68,p068_07,huitz-quahuitl,68,M_ID037_p068_07_Huitz-quahuitl.png
ID197,Tla-cuilol-quahuitl,Tla-cuilol-quahuitl,plant,,tlah-cuilol quahuitl 69,p069_01,tlah-cuilol quahuitl,69,M_ID197_p069_01_Tla-cuilol-quahuitl.png
ID181,Tomaz-quitl,Tomaz-quitl,plant,tomazquitl 8l,tomazqtl 69,p069_02,tomazqtl,69,K_ID181_p069_02_Tomaz-quitl.png
ID209,Tlanextia quahuitl,Tlanextia quahuitl,plant,tlanextia-quahuitl 7l; 9b; tlanextia-quahuitl 88,tlanexti-quahuitl 69,p069_03,tlanexti-quahuitl,69,K_ID209_p069_03_Tlanextia_quahuitl.png
ID262,Xococ quahuitl,Xococ quahuitl,plant,,69,p069_04,xococ quahuitl,69,K_ID262_p069_04_Xococ_quahuitl.png
ID158,Te-papa-quilti-quahuitl,Te-papa-quilti-quahuitl,plant,te-papaquilti quahuitl 8l,te-papaquilti quahuitl 69,p069_05,te-papaquilti quahuitl,69,K_ID158_p069_05_Te-papa-quilti-quahuitl.png
ID137,Quauh-huitzihtzil-xochitl,Quauh-huitzihtzil-xochitl,plant,,quah-huitzihtzil xochitl 69,p069_07,quah-huitzihtzil xochitl,69,K_ID137_p069_07_Quauh-huitzihtzil-xochitl.png
ID030,Elo-xochitl,Elo-xochitl,plant,8l,69,p069_08,elo-xochitl,69,K_ID030_p069_08_Elo-xochitl.png
ID042,Izqui-xochitl,Izqui-xochitl,plant,8l; 9d; 9f,69,p069_09,izqui-xochitl,69,K_ID042_p069_09_Izqui-xochitl.png
ID024,Quetzal-ylin,Quetzal-ylin,plant,7k; 7l; 8l; 9i; 9m; 13a,Quetzal ylin 69,p069_10,quetzal ylin,69,K_ID024_p069_10_Quetzal-ylin.png
ID068,Centzon-xochitl,Centzon-xochitl,plant,9b; 9b; 9f; 11c,centzon xochitl 74,p074_01,centzon xochitl,74,K_ID068_p074_01_Centzon-xochitl.png
ID007,Ahquiztli,Ahquiztli,plant,a-quiztli 9b,74,p074_02,ahquiztli,74,K_ID007_p074_02_Ahquiztli.png
ID079,Colo-mecatl,Colo-mecatl,plant,9c,77,p077_01,colo-mecatl,77,K_ID079_p077_01_Colo-mecatl.png
ID089,Chichic texcal-amatl,Chichic texcal-amatl,plant,texcal-amatl chichic 9d,78,p078_01,chichic texcal-amatl,78,K_ID089_p078_01_Chichic_texcal-amatl.png
ID001,Aca-capac-quilitl,Aca-capac-quilitl,plant,acacapac-quilitl 9e; acapac-quilitl 9e,acacapac-quilitl 79,p079_01,acacapac-quilitl,79,K_ID001_p079_01_Aca-capac-quilitl.png
ID026,A-zaca-tzontli,A-zaca-tzontli,plant,,79,p079_02,a-zaca-tzontli,79,K_ID026_p079_02_A-zaca-tzontli.png
ID226,Tzayanal-quilitl,Tzayanal-quilitl,plant,9e,79,p079_03,tzayanal-quilitl,79,K_ID226_p079_03_Tzayanal-quilitl.png
ID002,Acatl,Acatl,plant,,79,p079_04,acatl,79,K_ID002_p079_04_Acatl.png
ID222,Tlazol-teo-zacatl,Tlazol-teo-zacatl,plant,tlazolco-zacatl 9b; tlazo-teo-zacatl 9f,80,p080_01,tlazol-teo-zacatl,80,K_ID222_p080_01_Tlazol-teo-zacatl.png
ID006,Ahuatl,Ahuatl,plant,8l,Ahuatl tepiton 88,p088_03,ahuatl tepiton,88,Z_ID006_p088_03_Ahuatl.png
ID254,Zaca-matlalin,Zaca-matlalin,plant,9b; 9o,zaca malalin 89,p089_01,zaca malalin,89,Z_ID254_p089_01_Zaca-matlalin.png
ID125,Tlaloc-nochtli,Tlaloc-nochtli,plant,,Tlaloc-nochtli 90,p090_01,tlaloc-nochtli,90,Z_ID125_p090_01_Tlaloc-nochtli.png
ID018,Ayauh-quahuitl,Ayauh-quahuitl,plant,8f; 8l; 9f; 9q,80,p091_01,ayauh-quahuitl,80,Z_ID018_p091_01_Ayauh-quahuitl.png
ID056,Quauh-yyauhtli,Quauh-yyauhtli,plant,8j; 8l; 9l; 9q; 9q; 9q; qauh-yyauhtli 10b; yyauhtli 10j; 11d,91,p091_02,quauh-yyauhtli,91,Z_ID056_p091_02_Quauh-yyauhtli.png
ID145,Quetzal-atzonyatl,Quetzal-atzonyatl,plant,10a; quetzal-atzo-yatl 10a,quetzal-hatzonyatl 94,p094_01,quetzal-hatzonyatl,94,Z_ID145_p094_01_Quetzal-atzonyatl.png
ID004,Acoco-xihuitl,Acocotli; Acoco-xihuitl,plant,acoco-xihuitl 10a,a-cocohtli 94,p094_02,a-cocohtli,94,Z_ID004_p094_02_Acoco-xihuitl.png
ID167,Te-tzitzilin,Te-tzitzilin,plant,te-tzilin 10a,94,p094_03,te-tzitzilin,94,Z_ID167_p094_03_Te-tzitzilin.png
ID135,Quauh-yayahual,Quauh-yayahual,plant,9g; 10b,quauh yayahual 95,p095_01,quauh yayahual,95,Z_ID135_p095_01_Quauh-yayahual.png
ID005,Acxoyatl,Acxoyatl,plant,10b,95,p095_02,acxoyatl,95,Z_ID005_p095_02_Acxoyatl.png
ID238,Tzotzoca-xihuitl,Tzotzoca-xihuitl; Quapatli,plant,,tzotzoca xihuitl 96,p096_01,tzotzoca xihuitl,96,Z_ID238_p096_01_Tzotzoca-xihuitl.png
ID060,Cacalo-xochitl,Cacalo-xochitl,plant,8l; 9g; 10d,97,p097_01,cacalo-xochitl,97,Z_ID060_p097_01_Cacalo-xochitl.png
ID120,Necouh xochitl,Necouh xochitl,plant,,97,p097_02,necouh xochitl,97,Z_ID120_p097_02_Necouh_xochitl.png
ID062,Cacaua-xochitl,Cacaua-xochitl,plant,cacau-xochitl 8j; 10d; 10e,98,p098_01,cacaua-xochitl,98,Z_ID062_p098_01_Cacaua-xochitl.png
ID058,Yollo-xochitl,Yollo-xochitl,plant,8c; 8d; 10e; 10k; 10k,98,p098_02,yollo-xochitl,98,Z_ID058_p098_02_Yollo-xochitl.png
ID189,Totoloctzin,Totoloctzin,plant,10f,99,p099_01,totoloctzin,99,Z_ID189_p099_01_Totoloctzin.png
ID182,Tonaca-xochitl,Tonaca-xochitl,plant,10f,tonaca xochitl 99,p099_02,tonaca xochitl,99,Z_ID182_p099_02_Tonaca-xochitl.png
ID185,Ayauh-tonan-yxiuh,Ayauh-tonan-yxiuh,plant,10f,ayauh tonan 99,p099_03,ayauh tonan,99,Z_ID185_p099_03_Ayauh-tonan-yxiuh.png
ID093,Chiyava xihuitl,Chiyava xihuitl,plant,chiyava-xihuitl 10g,chiyava-xihuitl 100,p100_01,chiyava-xihuitl,100,A_ID093_p100_01_Chiyava_xihuitl.png
ID255,Zozoyatic,Zozoyatic,plant,10i,102,p102_01,zozoyatic,102,A_ID255_p102_01_Zozoyatic.png
ID161,Tepe-papalo-quilitl,Tepe-papalo-quilitl,plant,tepepapalo quilitl 10j,tepe-papalo quilitl 103,p103_01,tepe-papalo quilitl,103,A_ID161_p103_01_Tepe-papalo-quilitl.png
ID113,Meca-xochitl,Meca-xochitl,plant,8l; 10k,104,p104_01,meca-xochitl,104,A_ID113_p104_01_Meca-xochitl.png
ID224,Tlil-xochitl,Tlil-xochitl,plant,10k,104,p104_02,tlil-xochitl,104,A_ID224_p104_02_Tlil-xochitl.png
ID134,Quauh-alahuac,Quauh-alahuac,plant,11a; 11c,106,p106_01,quauh-alahuac,106,A_ID134_p106_01_Quauh-alahuac.png
ID070,Cihua-patli,Cihua-patli,plant,11a; 11a; 11a,106,p106_02,cihua-patli,106,A_ID070_p106_02_Cihua-patli.png
ID143,Quetzal-ahuexotl,Quetzal-ahuexotl,plant,a-huexotl 11a,Quetzal ahuexotl 106,p106_03,quetzal ahuexotl,106,A_ID143_p106_03_Quetzal-ahuexotl.png
ID009,Ahuiyac-xihuitl,Ahuiyac-xihuitl,plant,8k; 11b,Hayuiyac xihuitl 107,p107_01,hayuiyac xihuitl,107,A_ID009_p107_01_Ahuiyac-xihuitl.png
ID031,Xiuh-elo-quilitl,Xiuh-elo-quilitl,plant,xiuh-eloquilitl 11c,xiuh-elo-quilitl 108,p108_01,xiuh-elo-quilitl,108,A_ID031_p108_01_Xiuh-elo-quilitl.png
ID195,Tlaco-popotli,Tlaco-popotli,plant,tlaco-popotl 11c,tlaco-poptl 108,p108_02,tlaco-poptl,108,A_ID195_p108_02_Tlaco-popotli.png
ID036,Iztac huitz-quahuitl,Iztac huitz-quahuitl,plant,11c,109,p109_01,iztac huitz-quahuitl,109,A_ID036_p109_01_Iztac_huitz-quahuitl.png
ID025,Ayo-nelhuatl,Ayo-nelhuatl,plant,11c,Ayonelhuatl 109,p109_02,ayonelhuatl,109,A_ID025_p109_02_Ayo-nelhuatl.png
ID132,Pozahualiz-xiuhtontli,Pozahualiz-xiuhtontli,plant,11d,110,p110_01,pozahualiz-xiuhtontli,110,A_ID132_p110_01_Pozahualiz-xiuhtontli.png
ID248,Xomalin,Xomalin,plant,,110,p110_02,xomalin,110,A_ID248_p110_02_Xomalin.png
ID188,Totec-yxiuh,Totec-yxiuh,plant,totec yxiuh 11d,110,p110_03,totec-yxiuh,110,A_ID188_p110_03_Totec-yxiuh.png
ID177,Tohmiyo-xihuitl,Tohmiyo-xihuitl,plant,tohmiyo xihuitl 11e,tohmiyo xihuitl 111,p111_01,tohmiyo xihuitl,111,A_ID177_p111_01_Tohmiyo-xihuitl.png
ID114,Memeya xiuhtontli,Memeya-xihuitl; Memeya xiuhtontli,plant,memeya xiuhtontil 11e,memeya xihuitl 111,p111_02,memeya xihuitl,111,A_ID114_p111_02_Memeya_xiuhtontli.png
ID265,a-camallo-tetl,a-camallo-tetl,plant,12a,113,p113_01,a-camallo-tetl,113,D_ID265_p113_01_a-camallo-tetl.png
ID081,Coltotzin,Coltotzin,plant,12a,113,p113_02,coltotzin,113,D_ID081_p113_02_Coltotzin.png
