ID,official_name,nahuatl,type,verified_subchapter,verified illustration,pages,illustration_name
ID028,Eca-patli,Eca-patli,plant,1a; 5h; 6d; 6e; xiuh-ecapatli 8j; eca-patli 8j; xiuh-ecapatli 8k; 8l; xiuh-ecapatli 9b; 9p; xiuh-ecapatli 10b; xiuh-ecapatli 10f; xiuh-ecapatli 12a,Xiuh-ecapatli 7; xiuh-ecapatli 65,7; 65,p007_01; p065_01
ID049,Iztac oco-xochitl,Iztac oco-xochitl,plant,1a,Iztac ocoxochitl 7,7,p007_02
ID150,Te-amoxtli,Te-amoxtli,plant,1a; 5d; 5e; 8b; 8g; 9f; 9p; 9q; 12b,7; 29; tepitoton te-amoxtli 30,7; 29; 30,p007_03; p029_02; p030_02
ID092,Chipauac xihuitl,Chipauac xihuitl,plant,chipauac 1b,8,8,p008_01
ID220,Tla-yapaloni,Tla-yapaloni,plant,1b; tlayapaloni 9f; 9n; 12a,8; 80,8; 80,p008_02; p080_02
ID251,Quauhtla xoxocoyolin,Quauhtla xoxocoyolin,plant,,quauhtla-xoxocoyolin 9,9,p009_01
ID176,Tezon-patli,Tezon-patli,plant,1d,10,10,p010_01
ID103,Huitz-quilitl,Huitz-quilitl,plant,1d; 9e; 9e; 9p,10,10,p010_02
ID163,Tequam-maitl,Tequam-maitl,plant,1d,10,10,p010_03
ID012,Xiuh-amolli,Xiuh-amolli,plant,1e,11,11,p011_01
ID184,Xiuhuitl tonalco-mochiva hahuachcho,Xiuhuitl tonalco-mochiva hahuachcho,plant,ahhuachcho tonatiuh-yxiuh 7g; tonatiuh-yxiuh ahhuachcho 7h,12,12,p012_01
ID240,Xal-tomatl,Xal-tomatl,plant,5e; 9e; 11a,14,14,p014_01
ID110,Matlal-xochitl,Matlal-xochitl,plant,2b; xoxouhqui matlal-xochitl 2b,14,14,p014_02
ID250,Ohua-xoxocoyolin,Ohua-xoxocoyolin,plant,ohua-xocoyolin 7j; ohua-xocoyolin 8c; ohua-xocoyolin 9h,17,17,p017_01
ID107,Malinalli,Malinalli,plant,2e; 5h; 11c,18,18,p018_01
ID172,Tetzmitl,Tetzmitl,plant,2f; 9b; 9e; 9e; 9l; 9p,19,19,p019_01
ID164,Tequixqui-zacatl,Tequixqui-zacatl,plant,2f,19,19,p019_02
ID221,Tlazol-patli,Tlazol-patli,plant,2g; 9b,Azcapan-ixua-tlazol-patli 20,20,p020_01
ID077,Huihuitzyo-cochiz-xihuitl,Huihuitzyo-cochiz-xihuitl,plant,2g,20,20,p020_02
ID076,Cochiz-xihuitl,Cochiz-xihuitl,plant,2g,20,20,p020_03
ID112,Maza-yelli,Maza-yelli,plant,3a,22,22,p022_01
ID252,xoxouhca-patli,Xoxouhqui; xoxouhca-patli,plant,xoxouhqui-patli 3a; quetzal-xoxouhqui 6i; xoxouhca-patli 8g,xoxouhqui-patli 22; xoxouhca patli 63,22; 63,p022_02; p063_01
ID213,Tlaquilin,Tlaquilin,plant,3a; 9i; 9m,22,22,p022_03
ID236,Tzon-pilihuiz-xihuitl,Tzon-pilihuiz-xihuitl,plant,tzonpilihuiz-xihuitl 4a; tzonpilihuiz-xihuitl 7g,tzonpilihuiz xihuitl 24,24,p024_01
ID015,A-toch-ietl,A-toch-ietl,plant,4a,24,24,p024_02
ID039,Iztac-patli,Iztac-patli,plant,4b,iztac patli 25,25,p025_01
ID228,A-tzitzicaztli,A-tzitzicaztli,plant,,26,26,p026_01
ID124,Teo-nochtli,Teo-nochtli,plant,5c,28,28,p028_01
ID208,Tlanextia xiuhtontli,Tlanextia xiuhtontli,plant,tlanexti 5d; tlanexti 5f; 5i; tlanexti-xiuhtontli 7l; tlanexti-xiuhtontli 7m; tlanextia xihuitl 9b; tlanextia xihuitl 9f; tlanextia 11a,29; tlanexti xiuhtontli 54,29; 54,p029_01; p054_02
ID180,Tol-patlactli,Tol-patlactli,plant,5d; tol-patlctli 9e,29,29,p029_03
ID094,Huacal-xochitl,Huacal-xochitl,plant,2b; 5e; 7b; 8l; 10k,huacal xochitl 30,30,p030_01
ID041,Teo-iztaquilitl,Teo-iztaquilitl,plant,teo-iztac-quilitl 5f; 7b; 7h; teo-iztacuilitl 9b; 9e,chichiltic teo-iztaquilitl tlalli 31; 51,31; 51,p031_01; p051_01
ID142,Quauhtla xoxocoyolin,Quauhtla xoxocoyolin,plant,,32,32,p032_01
ID033,Ez-patli,Ez-patli,plant,,33,33,p033_01
ID100,Huitz-colotli,Huitz-colotli,plant,5h; huitz-colo-xochitl 5h,huitz-colohtli 33,33,p033_02
ID215,Tlatlanquaye,Tlatlanquaye,plant,1b; 3a; 5i; 6a; 7f; 7i; 7l; 8k; tlatlan-quaye 9a; 9f; 9g; 9h; 9i; 9m; 9n; 9q;12a,34; 73,34; 73,p034_01; p073_02
ID128,Papalo-quilitl,Papalo-quilitl,plant,6a; 7b; 9q; 10f,36,36,p036_01
ID116,Mexix-quilitl,Mexix-quilitl,plant,6a,36,36,p036_02
ID196,Tlaco-xilo-xochitl,Tlaco-xilo-xochitl,plant,5h; 6b; 9d,tlaco-xilo xochitl 37,37,p037_01
ID237,Tzopelica-cococ,Tzopelica-cococ,plant,6b,tzopelicacococ 37,37,p037_02
ID168,Te-xiyotl,Te-xiyotl,plant,6c; 9p,38,38,p038_01
ID154,Te-memetla,Te-memetla,plant,tememetla 6c,38,38,p038_02
ID204,Tlal-quequetzal,Tlal-quequetzal,plant,6d; tla-que quetzal 8f; 9d,39,39,p039_01
ID202,Tlal-mizquitl,Tlal-mizquitl,plant,6e; 12a,40,40,p040_01
ID191,Tlachinolpanixua-xihuitl,Tlachinolpanixua-xihuitl,plant,,Tlah-chinolpan-ixua xihuitl 41,41,p041_01
ID178,Tolohua xihuitl,Tolova; Tolohua; Tolohua xihuitl,plant,3a; tolova-xihuitl 6f; tolohua 6g; tolohua-xihuitl 7e; tolohua-xihuitl 8a; tolohua-xihuitl 8i; tolohua-xihuitl 8j; tolohua-xihuitl 9n,tolova xihuitl 41; tolohua xihuitl 49,41; 49,p041_02; p049_01
ID257,Tonatiuh yxiuh,Tonatiuh yxiuh,plant,6f; 6g; tonatiuh-yxiuh 8e; 9b; 9b; tonatiuh-yxiuh 9e; tonatiuh-yxiuh 9h; tonatiuh-yxiuh 9o; tonatiuh-yxiuh 10d; 13a,Tonatiuh yxiuh ahhuachcho 42,42,p042_01
ID148,Quetzal-xoxouca-patli,Quetzal-xoxouca-patli,plant,xoxouhca patli 6i; quetzal-xoxouhca-patli 8j,quetzal xoxouca patli 43,43,p043_01
ID214,Tlatlacotic,Tlatlacotic,plant,6c; 7a; 9q; 10a; 10e,45,45,p045_01
ID217,Tlatlaolton,Tlatlaolton,plant,7b; 8k,46,46,p046_01
ID233,Tzitzicton,Tzitzicton,plant,7b; 8h,46; 64,46; 64,p046_02; p064_02
ID045,Itzquin-patli,Itzquin-patli,plant,itzcuinpatli 7b; 8f; itzcuin-patli 8j; itzcuin-patli 8k,46,46,p046_03
ID126,Nonochton azcapanixua,Nonochton azcapanixua,plant,nonochton 7c,nonochton azcapan-ixua 47,47,p047_01
ID190,Tlaca-camotli,Tlaca-camotli,plant,7d; 9e,48,48,p048_01
ID121,Nexehuac,Nexehuac,plant,7e,49,49,p049_02
ID020,A-yecotli,A-yecotli,plant,,50,50,p050_01
ID258,Tonatiuh yxiuh,Tonatiuh yxiuh,plant,tonatiuh-yxiuh 7h,Tonatiuh yxiuh pepetlaca 51,51,p051_02
ID082,Copaliyac-xiuhtontli,Copaliyac-xiuhtontli,plant,7i; 7m,copaliyac xiuhtontli 52,52,p052_01
ID241,Xa-xocotl,Xa-xocotl; Xal-xocotl,plant,xa-xocotl 7k; xa-xocotl 9e,xa-xocotl 53,53,p053_01
ID032,Elo-zacatl,Elo-zacatl,plant,7l; 11d,54,54,p054_01
ID104,Quauhtla huitz-quilitl,Quauhtla huitz-quilitl,plant,7m; 9a; cuauhtla huita-quilitl 9b,55; huitz-quilitl 73,55; 73,p055_01; p073_01
ID097,Huelic-patli,Huelic-patli,plant,7n,huelic patli 55,55,p055_02
ID165,Te-tzapotl,Te-tzapotl,plant,8a; 8b,57,57,p057_01
ID096,Tlal-huaxin,Tlal-huaxin,plant,8a,57,57,p057_02
ID205,Tla-nen-popoloua,Tla-nen-popoloua xiuhtontli; Tla-nen-popoloua,plant,xiuhtontli tlanen-popoloua 8b; tlanen-popoloa 9l,tlanen-popoloua xiuhtontli 58,58,p058_01
ID101,Huihuitz-mallotic,Huihuitz-mallotic,plant,huitz-mallotic 7j; 8c,59,59,p059_01
ID072,Coanenepilli,Coanenepilli,plant,cohuanene-pilli 8c; 9f,coa-nenepilli 59,59,p059_02
ID108,Mamaxtla,Mamaxtla,plant,8c; 8d,60,60,p060_01
ID043,Tlaco-izqui-xochitl,Tlaco-izqui-xochitl,plant,5e; 8d; 8l,60,60,p060_02
ID085,Coyo-xihuitl,Coyo-xihuitl; Coyo-xihuitl tlaztalehualtic,plant,coyo-xihuitl tlaztalehualtic 8e; coyo-xihuitl 8g; coyo-xihuitl 8j; coyo-xihuitl 9e; coyo-xihuitl 9g; coyo-xihuitl 9l,coyo-xihuitl tlaztalehualtic 61,61,p061_01
ID131,Piltzinte-couh-xochitl,Piltzinte-couh-xochitl,plant,piltzin-tecouh-xochitl 8f; piltzin-tecouh-xochitl 8j,pilzinte-couh xochitl chiyaua 62; piltzintecouh xochitl 67,62; 67,p062_01; p067_02
ID133,Quappo-quietl,Quappo-quietl,plant,8f,62,62,p062_02
ID053,Te-xochitl yamanqui,Te-xochitl yamanqui,plant,yamanqui te-xochitl 8h,te-xochitl yamanqui 64,64,p064_01
ID003,A-chilli,A-chilli,plant,8j,65,65,p065_02
ID105,Huitzihtzil-xochitl,Huitzihtzil-xochitl,plant,8k; huitbitzil xochitil 9q; huitzitzil-xochitl 12a,huitzihtzil xochitl 66,66,p066_01
ID186,Totonqui xochitl,Totonqui xochitl,plant,,67; 67,67; 67,p067_01; p067_07
ID086,Coz-canantzi,Coz-canantzi,plant,,67,67,p067_03
ID159,Tepa-quilti xiuhtontli,Tepa-quilti xiuhtontli,plant,,Tepaquilti xiuhtontli 67,67,p067_04
ID119,Mocuepani-xochitl,Mocuepani-xochitl,plant,,mocuepani xochitl 67,67,p067_05
ID183,Tonal-xochitl,Tonal-xochitl,plant,,Tonal xochitl 67,67,p067_06
ID067,Cecen-tlacol,Cecen-tlacol,plant,,Cecen tlacol 67,67,p067_08
ID245,Xiuh-patli,Xiuh-patli,plant,xiuhpatli 11c,xiuh pahtli 67,67,p067_09
ID115,Metzli-yzacauh,Metzli-yzacauh,plant,,metzli yzacauh 67,67,p067_10
ID098,Huetzcani xochitl,Huetzcani xochitl,plant,,67,67,p067_11
ID152,Temahuitztih-quahuitl,Temahuitztih-quahuitl,plant,,temahuiztih quahuitl 68; temahuitztih quahuitl 69,68; 69,p068_01; p069_06
ID212,Tlapol-cacahuatl,Tlapol-cacahuatl,plant,tlapal-cacahuatl 8l,68,68,p068_02
ID174,Texcal-ama-coztli,Texcal-ama-coztli,plant,,texcalama-coztli 68,68,p068_03
ID075,Cohua-xocotl,Cohua-xocotl,plant,,coa-xocotl 68,68,p068_04
ID040,Iztac-quahuitl,Iztac-quahuitl,plant,,iztac quahuitl 68,68,p068_05
ID035,Teo-ezquahuitl,Teo-ezquahuitl,plant,,teo-ez-quahuitl 68,68,p068_06
ID037,Huitz-quahuitl,Huitz-quahuitl,plant,8l; 9d,68,68,p068_07
ID197,Tla-cuilol-quahuitl,Tla-cuilol-quahuitl,plant,,tlah-cuilol quahuitl 69,69,p069_01
ID181,Tomaz-quitl,Tomaz-quitl,plant,tomazquitl 8l,tomazqtl 69,69,p069_02
ID209,Tlanextia quahuitl,Tlanextia quahuitl,plant,tlanextia-quahuitl 7l; 9b; tlanextia-quahuitl 88,tlanexti-quahuitl 69,69,p069_03
ID262,Xococ quahuitl,Xococ quahuitl,plant,,69,69,p069_04
ID158,Te-papa-quilti-quahuitl,Te-papa-quilti-quahuitl,plant,te-papaquilti quahuitl 8l,te-papaquilti quahuitl 69,69,p069_05
ID137,Quauh-huitzihtzil-xochitl,Quauh-huitzihtzil-xochitl,plant,,quah-huitzihtzil xochitl 69,69,p069_07
ID030,Elo-xochitl,Elo-xochitl,plant,8l,69,69,p069_08
ID042,Izqui-xochitl,Izqui-xochitl,plant,8l; 9d; 9f,69,69,p069_09
ID024,Quetzal-ylin,Quetzal-ylin,plant,7k; 7l; 8l; 9i; 9m; 13a,Quetzal ylin 69; Quetzal ylin 115,69; 115,p069_10
ID068,Centzon-xochitl,Centzon-xochitl,plant,9b; 9b; 9f; 11c,centzon xochitl 74,74,p074_01
ID007,Ahquiztli,Ahquiztli,plant,a-quiztli 9b,74,74,p074_02
ID079,Colo-mecatl,Colo-mecatl,plant,9c,77,77,p077_01
ID089,Chichic texcal-amatl,Chichic texcal-amatl,plant,texcal-amatl chichic 9d,78,78,p078_01
ID001,Aca-capac-quilitl,Aca-capac-quilitl,plant,acacapac-quilitl 9e; acapac-quilitl 9e,acacapac-quilitl 79,79,p079_01
ID026,A-zaca-tzontli,A-zaca-tzontli,plant,,79,79,p079_02
ID226,Tzayanal-quilitl,Tzayanal-quilitl,plant,9e,79,79,p079_03
ID002,Acatl,Acatl,plant,,79,79,p079_04
ID222,Tlazol-teo-zacatl,Tlazol-teo-zacatl,plant,tlazolco-zacatl 9b; tlazo-teo-zacatl 9f,80,80,p080_01
ID017,A-xocotl,A-xocotl,plant,8l; 9f; 9f; 10k,80,80,p080_03
ID091,Chicom-acatl,Chicom-acatl,plant,chicom-catl 9f,chicom acatl 80,80,p080_04
ID014,A-quahuitl,A-quahuitl,plant,6d; 9g; 9i,81,81,p081_01
ID087,Cuecuetz-patli,Cuecuetz-patli,plant,9h,82,82,p082_01
ID010,Ahhuiyac-tlatlanquaye,Ahhuiyac-tlatlanquaye,plant,ahuiyac tlatlanquaye 9l,83,83,p083_01
ID022,Ylin,Ylin,plant,7k; 9j; 9o,84,84,p084_01
ID198,Tlal-ahuehuetl,Tlal-ahuehuetl,plant,1b; 9j; 9m; 9n; 12a,84,84,p084_01
ID198,Tlal-ahuehuetl,Tlal-ahuehuetl,plant,1b; 9j; 9m; 9n; 12a,84,84,p084_02
ID140,Quauh-tzitzicaztli,Quauh-tzitzicaztli,plant,9k,quauh tzitzicaztli 85,85,p085_01
ID166,Te-tzitzicaztli,Te-tzitzicaztli,plant,9k,te tzitzicaztli 85,85,p085_02
ID229,Colo-tzitzicaztli,Colo-tzitzicaztli,plant,9k,colo-tzitzicaztli 85,85,p085_03
ID129,Patlahuac tzitzicaztli,Patlahuac tzitzicaztli,plant,9k,85,85,p085_04
ID246,Xiuh-tlemaitl,Xiuh-tlemaitl,plant,9k,85,85,p085_05
ID227,Tzihuac-copalli,Tzihuac-copalli,plant,9l,tzihuac copalli 86,86,p086_01
ID193,Tlaco-ecapatli,Tlaco-ecapatli,plant,tlaco-eca-patli 9l,tlaco-ecapahtli 86,86,p086_02
ID193,Tlaco-ecapatli,Tlaco-ecapatli,plant,tlaco-eca-patli 9l,tlaco-ecapahtli 86,86,p086_02
ID147,Quetzal-misquitl,Quetzal-misquitl,plant,quetzal-mizquitl 8f; quetzal-mizquitl 9m,quetzal mizquitl 87,87,p087_01
ID061,Tlal-cacapol,Tlal-cacapol,plant,9m,87,87,p087_02
ID071,Cimatl,Cimatl,plant,9m,87,87,p087_03
ID029,Elo-capolin,Elo-capolin,plant,,88,88,p088_01
ID219,Tlatzcan,Tlatzcan,plant,,88,88,p088_02
ID006,Ahuatl,Ahuatl,plant,8l,Ahuatl tepiton 88,88,p088_03
ID254,Zaca-matlalin,Zaca-matlalin,plant,9b; 9o,zaca malalin 89,89,p089_01
ID125,Tlaloc-nochtli,Tlaloc-nochtli,plant,,Tlaloc-nochtli 90,90,p090_01
ID018,Ayauh-quahuitl,Ayauh-quahuitl,plant,8f; 8l; 9f; 9q,80; ayauh quahuitl 91,80; 91,p091_01
ID056,Quauh-yyauhtli,Quauh-yyauhtli,plant,8j; 8l; 9l; 9q; 9q; 9q; qauh-yyauhtli 10b; yyauhtli 10j; 11d,91,91,p091_02
ID145,Quetzal-atzonyatl,Quetzal-atzonyatl,plant,10a; quetzal-atzo-yatl 10a,quetzal-hatzonyatl 94,94,p094_01
ID004,Acoco-xihuitl,Acocotli; Acoco-xihuitl,plant,acoco-xihuitl 10a,a-cocohtli 94,94,p094_02
ID167,Te-tzitzilin,Te-tzitzilin,plant,te-tzilin 10a,94,94,p094_03
ID135,Quauh-yayahual,Quauh-yayahual,plant,9g; 10b,quauh yayahual 95,95,p095_01
ID005,Acxoyatl,Acxoyatl,plant,10b,95,95,p095_02
ID238,Tzotzoca-xihuitl,Tzotzoca-xihuitl; Quapatli,plant,,tzotzoca xihuitl 96,96,p096_01
ID060,Cacalo-xochitl,Cacalo-xochitl,plant,8l; 9g; 10d,97,97,p097_01
ID120,Necouh xochitl,Necouh xochitl,plant,,97,97,p097_02
ID062,Cacaua-xochitl,Cacaua-xochitl,plant,cacau-xochitl 8j; 10d; 10e,98,98,p098_01
ID058,Yollo-xochitl,Yollo-xochitl,plant,8c; 8d; 10e; 10k; 10k,98,98,p098_02
ID189,Totoloctzin,Totoloctzin,plant,10f,99,99,p099_01
ID182,Tonaca-xochitl,Tonaca-xochitl,plant,10f,tonaca xochitl 99,99,p099_02
ID185,Ayauh-tonan-yxiuh,Ayauh-tonan-yxiuh,plant,10f,ayauh tonan 99,99,p099_03
ID093,Chiyava xihuitl,Chiyava xihuitl,plant,chiyava-xihuitl 10g,chiyava-xihuitl 100,100,p100_01
ID255,Zozoyatic,Zozoyatic,plant,10i,102,102,p102_01
ID161,Tepe-papalo-quilitl,Tepe-papalo-quilitl,plant,tepepapalo quilitl 10j,tepe-papalo quilitl 103,103,p103_01
ID113,Meca-xochitl,Meca-xochitl,plant,8l; 10k,104,104,p104_01
ID224,Tlil-xochitl,Tlil-xochitl,plant,10k,104,104,p104_02
ID099,Huey-nacaztli,Huey-nacaztli,plant,8l; 10k,104,104,p104_03
ID084,Copal-xocotl,Copal-xocotl,plant,10k,104,104,p104_04
ID134,Quauh-alahuac,Quauh-alahuac,plant,11a; 11c,106,106,p106_01
ID070,Cihua-patli,Cihua-patli,plant,11a; 11a; 11a,106,106,p106_02
ID143,Quetzal-ahuexotl,Quetzal-ahuexotl,plant,a-huexotl 11a,Quetzal ahuexotl 106,106,p106_03
ID009,Ahuiyac-xihuitl,Ahuiyac-xihuitl,plant,8k; 11b,Hayuiyac xihuitl 107,107,p107_01
ID031,Xiuh-elo-quilitl,Xiuh-elo-quilitl,plant,xiuh-eloquilitl 11c,xiuh-elo-quilitl 108,108,p108_01
ID195,Tlaco-popotli,Tlaco-popotli,plant,tlaco-popotl 11c,tlaco-poptl 108,108,p108_02
ID036,Iztac huitz-quahuitl,Iztac huitz-quahuitl,plant,11c,109,109,p109_01
ID025,Ayo-nelhuatl,Ayo-nelhuatl,plant,11c,Ayonelhuatl 109,109,p109_02
ID132,Pozahualiz-xiuhtontli,Pozahualiz-xiuhtontli,plant,11d,110,110,p110_01
ID248,Xomalin,Xomalin,plant,,110,110,p110_02
ID188,Totec-yxiuh,Totec-yxiuh,plant,totec yxiuh 11d,110,110,p110_03
ID177,Tohmiyo-xihuitl,Tohmiyo-xihuitl,plant,tohmiyo xihuitl 11e,tohmiyo xihuitl 111,111,p111_01
ID114,Memeya xiuhtontli,Memeya-xihuitl; Memeya xiuhtontli,plant,memeya xiuhtontil 11e,memeya xihuitl 111,111,p111_02
ID265,a-camallo-tetl,a-camallo-tetl,plant,12a,113,113,p113_01
ID081,Coltotzin,Coltotzin,plant,12a,113,113,p113_02