ID,official_name,type,text_subchapters,illustrations,synonyms,morphemes
ID001,Aca-capac-quilitl,plant,09e,p079_01,acacapac-quilitl; acapac-quilitl,Quilitl/edible green; Acatl/reed; Capa/strong or thick
ID002,Acatl,plant,,p079_04,,Acatl/reed
ID003,A-chilli,plant,08j,p065_02,,Atl/water; Chilli/chili
ID004,Acoco-xihuitl,plant,10a,p094_02,a-cocohtli,Xihuitl/herb or; Atl/water; Cocotl/bird of prey
ID005,Acxoyatl,plant,10b,p095_02,,Acatl/reed; Xoyatl/branch/twig
ID006,Ahuatl,plant,08l,p088_03,ahuatl tepiton,Ahuatl/oak or bark
ID007,Ahquiztli,plant,09b,p074_02,a-quiztli,Ahquitl/spine or thorn; -ztli/quality or state
ID009,Ahuiyac-xihuitl,plant,08k; 11b,p107_01,hayuiyac xihuitl,Ahuiyak/odorous; Xihuitl/herb or
ID012,Xiuh-amolli,plant,01e,p011_01,,Xihuitl/herb or; Amolli/gourd or vessel
ID014,A-quahuitl,plant,06d; 09g; 09i,,,Quahuitl/tree or wood; Atl/water
ID015,A-toch-ietl,plant,04a,p024_02,,Atl/water; Toch/fire; -ietl/process or state
ID016,Atoya-xocotl,plant,01d; 10k,,,Atl/water; Toya/flowing or spring; Xocotl/sour fruit
ID017,A-xocotl,plant,08l; 09f; 10k,,,Atl/water; Xocotl/sour fruit
ID018,Ayauh-quahuitl,plant,08f; 08l; 09f; 09q,p091_01,,Ayauh/mist or fog; Quahuitl/tree or wood
ID019,Ayauhtli,plant,07b,,,Ayauh/mist or fog; -tli/noun suffix
ID020,A-yecotli,plant,,p050_01,,Atl/water; Yecotl/mucilage or slime
ID021,A-illin,plant,08l,,a-ylin,Atl/water; Illin/leaf or foliage
ID022,Ylin,plant,07k; 09j; 09o,,,Illin/leaf or foliage
ID023,Tepe-ylin,plant,08l,,,Tepe/hill or mountain; Ylin/leaf or foliage
ID024,Quetzal-ylin,plant,07k; 07l; 08l; 09i; 09m; 13a,p069_10,quetzal ylin,Quetzal/precious or feathered; Ylin/leaf or foliage
ID025,Ayo-nelhuatl,plant,11c,p109_02,ayonelhuatl,Ayo/twig or branch; Nelhuatl/dark or black
ID026,A-zaca-tzontli,plant,,p079_02,,Atl/water; Zaca/grass; Tzontli/stone or rock
ID028,Eca-patli,plant,01a; 05h; 06d; 06e; 08j; 08k; 08l; 09b; 09p; 10b; 10f; 12a,p007_01; p065_01,xiuh-ecapatli,Eca/slippery or slimy; Patli/medicine
ID030,Elo-xochitl,plant,08l,p069_08,,Elo/fresh ear of corn; Xochitl/flower
ID031,Xiuh-elo-quilitl,plant,11c,p108_01,xiuh-eloquilitl,Xihuitl/herb or; Elo/fresh ear of corn; Quilitl/edible green
ID032,Elo-zacatl,plant,07l; 11d,,,Elo/fresh ear of corn; Zacatl/grass or hay
ID033,Ez-patli,plant,,p033_01,,Ez/slippery or slimy; Patli/medicine
ID035,Teo-ezquahuitl,plant,,p068_06,teo-ez-quahuitl,Teotl/divine or sacred; Ezquahuitl/slender or sapling
ID036,Iztac huitz-quahuitl,plant,11c,p109_01,,Iztac/white; Huitz/needle or thorn; Quahuitl/tree or wood
ID037,Huitz-quahuitl,plant,08l; 09d,p068_07,,Huitz/needle or thorn; Quahuitl/tree or wood
ID039,Iztac-patli,plant,04b,p025_01,iztac patli,Iztac/white; Patli/medicine
ID040,Iztac-quahuitl,plant,,p068_05,iztac quahuitl,Iztac/white; Quahuitl/tree or wood
ID041,Teo-iztaquilitl,plant,05f; 07b; 07h; 09b; 09e,p031_01; p051_01,chichiltic teo-iztaquilitl tlalli; teo-iztac-quilitl; teo-iztacuilitl,Teotl/divine or sacred; Iztac/white; Quilitl/edible green
ID042,Izqui-xochitl,plant,08l; 09d; 09f,p069_09,,Izqui/black or dark; Xochitl/flower
ID043,Tlaco-izqui-xochitl,plant,05e; 08d; 08l,,,Tlaco/half or middle; Izqui/black or dark; Xochitl/flower
ID044,Quauh-izqui-xochitl,plant,09c,,,Quauh/tree or wood; Izqui/black or dark; Xochitl/flower
ID045,Itzquin-patli,plant,07b; 08f; 08j; 08k,,itzcuin-patli; itzcuinpatli,Itzquin/black obsidian or dark; Patli/medicine
ID047,Ocotl,plant,08l,,,Ocotl/pine
ID048,Oco-xochitl,plant,02b; 10f,,,Oco/pointed; Xochitl/flower
ID049,Iztac oco-xochitl,plant,01a; 07l; 08e; 09b; 09e; 09q,p007_02,iztac ocoxochitl; iztac-oco-xochitl; oco-xochitl,Iztac/white; Oco/pointed; Xochitl/flower
ID051,Oyametl,plant,08l,,,Oya/leaf; Metl/plant or agave
ID052,Yamanqui patli,plant,09d,,yamanqui-patli,Yamanqui/poisonous or harmful; Patli/medicine
ID053,Te-xochitl yamanqui,plant,,p064_01,,Te/stone; Xochitl/flower; Yamanqui/poisonous or harmful
ID054,Iztauyattl,plant,06i; 08e; 08j; 08k; 09e; 09q; 10i,,iztauh-yatl; iztauh-yattl; iztauhyatl; iztauhyauh,Iztac/white; Ayatl/willow or reed
ID055,Y-yauhtli,plant,06a,,yyauhtli,Y/vegetative prefix; Yauhtli/medicinal or marigold-like
ID056,Quauh-yyauhtli,plant,08j; 08l; 09l; 09q; 10b; 10j; 11d,p091_02,qauh-yyauhtli; yyauhtli,Quauh/tree or wood; Yauhtli/medicinal or marigold-like
ID057,Holli,plant,09d,,,Holli/round or ball-shaped
ID058,Yollo-xochitl,plant,08c; 08d; 10e; 10k,p098_02,,Yollo/heart; Xochitl/flower
ID060,Cacalo-xochitl,plant,08l; 09g; 10d,p097_01,,Cacalo/green or fresh; Xochitl/flower
ID061,Tlal-cacapol,plant,09m,,,Tlal/earth or ground; Cacapol/leaf or foliage
ID062,Cacaua-xochitl,plant,08j; 10d; 10e,p098_01,cacau-xochitl,Cacaua/bitter or harsh; Xochitl/flower
ID064,Capolla-xipehualli,plant,09d,,capolla-xipe-hualli,Capolli/stem or stalk; Xipehualli/season or festival
ID066,Capul-xihuitl,plant,07k,,,Capul/cherry or small fruit; Xihuitl/herb or
ID067,Cecen-tlacol,plant,,p067_08,cecen tlacol,Cecen/soft or tender; Tlacol/field or cultivated land
ID068,Centzon-xochitl,plant,09b; 09f; 11c,p074_01,centzon xochitl,Centzon/four hundred or many; Xochitl/flower
ID069,Centzon-oco-xochitl,plant,09e,,,Centzon/four hundred or many; Oco/pointed; Xochitl/flower
ID070,Cihua-patli,plant,11a,p106_02,,Cihua/woman or female; Patli/medicine
ID071,Cimatl,plant,09m,,,Cima/shoot or sprout; -tl/noun suffix
ID072,Coanenepilli,plant,08c; 09f,,cohuanene-pilli,Coatl/serpent or twin; Nenepilli/tongue or protuberance
ID074,Cohua-xochitl,plant,09e,,,Cohua/owner or possessor; Xochitl/flower
ID075,Cohua-xocotl,plant,,p068_04,coa-xocotl,Cohua/owner or possessor; Xocotl/sour fruit
ID076,Cochiz-xihuitl,plant,02g,p020_03,,Cochiz/asleep or dormant; Xihuitl/herb or
ID077,Huihuitzyo-cochiz-xihuitl,plant,02g,p020_02,,Huihuitz/thorny or spiky; Yotl/essence or heart; Cochiz/asleep or dormant; Xihuitl/herb or
ID078,Cococ-xihuitl,plant,07i,,cococ-xiuhuitl,Cococ/hot or spicy; Xihuitl/herb or
ID079,Colo-mecatl,plant,09c,p077_01,,Colotl/scorpion or twist; Mecatl/cord or vine
ID081,Coltotzin,plant,12a,p113_02,,Colotl/scorpion or twist; Totzin/revered or honorable
ID082,Copaliyac-xiuhtontli,plant,07i; 07m,,,Copalli/incense or copal; Yac/fragrant or scented; Xihuitl/herb or; Tontli/diminutive suffix
ID083,Copal-quahuitl,plant,01d,,,Copalli/incense or copal; Quahuitl/tree or wood
ID084,Copal-xocotl,plant,10k,,,Copalli/incense or copal; Xocotl/sour fruit
ID085,Coyo-xihuitl,plant,08g; 08j; 09e; 09g; 09l,p061_01,coyo-xihuitl tlaztalehualtic,Coyotl/coyote; Xihuitl/herb or
ID086,Coz-canantzi,plant,,p067_03,,Coz/yellow or shiny; Canantzin/mother or revered woman
ID087,Cuecuetz-patli,plant,09h,,,Cuecuetz/hunchbacked or twisted; Patli/medicine
ID088,Chian,plant,08c,,,Chia/oil-seed; -n/noun suffix
ID089,Chichic texcal-amatl,plant,,p078_01,,Chichic/spicy or bitter; Texcal/stone house or cliff; Amatl/paper
ID090,Chichiltic xiuhtontli,plant,11e,,,Chichiltic/red; Xihuitl/herb or; Tontli/diminutive suffix
ID091,Chicom-acatl,plant,09f,,chicom-catl,Chicome/seven; Acatl/reed
ID092,Chipauac xihuitl,plant,01b,p008_01,chipauac,Chipauac/clean or pure; Xihuitl/herb or
ID093,Chiyava xihuitl,plant,10g,p100_01,chiyava-xihuitl,"Chiyava/to open, sprout; Xihuitl/herb or"
ID094,Huacal-xochitl,plant,02b; 05e; 07b; 08l; 10k,p030_01,huacal xochitl,Huacal/container or box; Xochitl/flower
ID096,Tlal-huaxin,plant,08a,,,Tlal/earth or ground; Huaxin/gourd or squash
ID097,Huelic-patli,plant,07n,,,Huelic/tasty or pleasant; Patli/medicine
ID098,Huetzcani xochitl,plant,,p067_11,,Huetzcani/thin or spindly; Xochitl/flower
ID099,Huey-nacaztli,plant,08l; 10k,,,Huey/great or large; Nacaztli/ear or earring
ID100,Huitz-colotli,plant,05h,p033_02,huitz-colo-xochitl; huitz-colohtli,Huitz/needle or thorn; Colotli/scorpion
ID101,Huihuitz-mallotic,plant,07j; 08c,,huitz-mallotic,Huihuitz/thorny or spiky; Mallotic/slimy or sticky
ID103,Huitz-quilitl,plant,01d; 09e; 09p,p010_02,,Huitz/needle or thorn; Quilitl/edible green
ID104,Quauhtla huitz-quilitl,plant,07m; 09a,p073_01,,Quauhtla/forest or woodland; Huitz/needle or thorn; Quilitl/edible green
ID105,Huitzihtzil-xochitl,plant,08k; 12a,p066_01,huitzihtzil xochitl; huitzitzil-xochitl,Huitzihtzil/hummingbird; Xochitl/flower
ID106,Macpal-xochitl,plant,08a,,,Macpal/hand or palm; Xochitl/flower
ID107,Malinalli,plant,02e; 05h; 11c,p018_01,,Malinalli/twisted grass or
ID108,Mamaxtla,plant,08c; 08d,,,Mamaxtla/possibly a place name
ID109,Mamaxtla-nelhuatl,plant,09b,,,Mamaxtla/possibly a place name; Nelhuatl/dark or black
ID110,Matlal-xochitl,plant,02b,p014_02,,Matlal/blue-green or dark green; Xochitl/flower
ID112,Maza-yelli,plant,03a,p022_01,,Maza/deer; Yelli/foam or froth
ID113,Meca-xochitl,plant,08l; 10k,p104_01,,Meca/cord or rope; Xochitl/flower
ID114,Memeya xiuhtontli,plant,,p111_02,memeya xihuitl,Memeya/wrinkled or shriveled; Xiuhtontli/little or small
ID115,Metzli-yzacauh,plant,,p067_10,metzli yzacauh,Metzli/moon; Yzacauh/frost or ice
ID116,Mexix-quilitl,plant,06a,,,Mexix/may relate to mexica; Quilitl/edible green
ID117,Michi-huauhtli,plant,12a,,,Michi/fish; Huauhtli/amaranth
ID118,Mizquitl,plant,02b,,,Mizquitl/mesquite
ID119,Mocuepani-xochitl,plant,,p067_05,mocuepani xochitl,Mocuepani/to be turned or reversed; Xochitl/flower
ID120,Necouh xochitl,plant,,p097_02,,Necouh/scented or aromatic; Xochitl/flower
ID121,Nexehuac,plant,07e,p049_02,,Nexehuac/possibly place name
ID122,Nocheztli,plant,06c,,,Nocheztli/prickly pear juice or red dye
ID123,Nochtli,plant,11a,,,Nochtli/prickly pear
ID124,Teo-nochtli,plant,05c,p028_01,,Teo/divine; Nochtli/prickly pear
ID125,Tlaloc-nochtli,plant,,p090_01,,Tlaloc/rain god; Nochtli/prickly pear
ID126,Nonochton azcapanixua,plant,07c,,nonochton,Nonochton/variant of prickly pear or soft fruit; Azcapanixua/possibly ‚Äòto scatter‚Äô or ‚Äòspread‚Äô
ID127,Nopalli,plant,09p,,nohpalli,Nopalli/prickly pear cactus pad
ID128,Papalo-quilitl,plant,06a; 07b; 09q; 10f,,,Papalo/butterfly; Quilitl/edible green
ID129,Patlahuac tzitzicaztli,plant,09k,,,Patlahuac/spread out or flat; Tzitzicaztli/buzzing insect or cicada
ID130,Piciyetl,plant,07l; 09h,,pizietl,Piciyetl/resin or sap
ID131,Piltzinte-couh-xochitl,plant,08f; 08j,p062_01; p067_02,piltzin-tecouh-xochitl; pilzinte-couh xochitl chiyaua,Piltzinte/young or noble child; Couh/yellow or gold; Xochitl/flower
ID132,Pozahualiz-xiuhtontli,plant,11d,p110_01,,Pozahualiz/misted or steamed; Xiuhtontli/little or small
ID133,Quappo-quietl,plant,08f,p062_02,,Quappo/beautiful or good-looking; Quietl/thing or object
ID134,Quauh-alahuac,plant,11a; 11c,p106_01,,Quauh/tree or wood; Alahuac/water
ID135,Quauh-yayahual,plant,09g; 10b,p095_01,quauh yayahual,Quauh/tree or wood; Yayahual/round or circular
ID137,Quauh-huitzihtzil-xochitl,plant,,p069_07,quah-huitzihtzil xochitl,Quauh/tree or wood; Huitzihtzil/hummingbird; Xochitl/flower
ID139,Quauh-patli,plant,09m,,,Quauh/tree or wood; Patli/medicine
ID140,Quauh-tzitzicaztli,plant,09k,,,Quauh/tree or wood; Tzitzicaztli/buzzing insect or cicada
ID141,Quauh-xiyotl,plant,09g,,,Quauh/tree or wood; Xiyotl/resin or sap
ID142,Quauhtla xoxocoyolin,plant,,p032_01,,Quauhtla/forest or woodland; Xoxocoyolin/sour fruit or tart thing
ID143,Quetzal-ahuexotl,plant,11a,p106_03,a-huexotl; quetzal ahuexotl,Quetzal/precious or feathered; Ahuexotl/ahuehuete cypress
ID145,Quetzal-atzonyatl,plant,10a,p094_01,quetzal-atzo-yatl; quetzal-hatzonyatl,Quetzal/precious or feathered; Atzonyatl/rivulet or stream
ID147,Quetzal-misquitl,plant,08f; 09m,,quetzal-mizquitl,Quetzal/precious or feathered; Misquitl/mesquite
ID148,Quetzal-xoxouca-patli,plant,08j,,quetzal-xoxouhca-patli,Quetzal/precious or feathered; Xoxouca/sour or acidic; Patli/medicine
ID149,Quetzal-xoxouhca-patli tzotzotlani,plant,08j,,tzotzotlani,Quetzal/precious or feathered; Xoxouhca/greenish-blue place or sourness; Patli/medicine; Tzotzotlani/bubbling or gurgling
ID150,Te-amoxtli,plant,01a; 05d; 05e; 08b; 08g; 09f; 09p; 09q; 12b,p007_03; p029_02,,Te/stone; Amoxtli/book or codex
ID152,Temahuitztih-quahuitl,plant,,p068_01; p069_06,temahuiztih quahuitl,Temahuitztih/to descend or rain; Quahuitl/tree or wood
ID154,Te-memetla,plant,06c,,tememetla,Te/stone; Memetla/lumps or nodes
ID155,Teo-amatl,plant,09c; 09d; 09h,,,Teo/divine; Amatl/paper
ID157,Teo-xihuitl v1,plant,07c,,teo-xihuitl,Teo/divine; Xihuitl/herb or
ID158,Te-papa-quilti-quahuitl,plant,,p069_05,te-papaquilti quahuitl,Te/stone; Papa/flat; Quilti/to twist; Quahuitl/tree or wood
ID159,Tepa-quilti xiuhtontli,plant,,p067_04,tepaquilti xiuhtontli,Tepa/to peel or flay; Quilti/to twist; Xiuhtontli/little or small
ID160,Tepe-chian,plant,08e; 08f; 08g; 08j; 09b; 09g,,,Tepe/hill or mountain; Chian/chia
ID161,Tepe-papalo-quilitl,plant,,p103_01,tepe-papalo quilitl,Tepe/hill or mountain; Papalo/butterfly; Quilitl/edible green
ID163,Tequam-maitl,plant,01d,p010_03,,"Tequam/people, crowd, or enemy; Maitl/hand or arm"
ID164,Tequixqui-zacatl,plant,02f,p019_02,,Tequixqui/saline or salt-covered; Zacatl/grass or hay
ID165,Te-tzapotl,plant,08a; 08b,,,Te/stone; Tzapotl/soft fruit
ID166,Te-tzitzicaztli,plant,09k,,,Te/stone; Tzitzicaztli/buzzing insect or cicada
ID167,Te-tzitzilin,plant,10a,p094_03,te-tzilin,Te/stone; Tzitzilin/small bird or finch
ID168,Te-xiyotl,plant,06c; 09p,,,Te/stone; Xiyotl/resin or sap
ID170,Tetezhuatic,plant,06e,,te-tezhuatic,Tetezhuatic/burning or explosive sound
ID171,Tetzmi-nopalli,plant,05g,,,Tetzmi/spur or spine; Nopalli/prickly pear cactus pad
ID172,Tetzmitl,plant,02f; 09b; 09e; 09l; 09p,p019_01,,Tetzmitl/thorn or spine
ID173,Tetzmi-xochitl,plant,01d; 08d,,,Tetzmi/spur or spine; Xochitl/flower
ID174,Texcal-ama-coztli,plant,,p068_03,texcalama-coztli,Texcal/stone house or cliff; Ama/paper; Coztli/yellow
ID176,Tezon-patli,plant,01d,p010_01,,Tezon/boiling or bubbling; Patli/medicine
ID177,Tohmiyo-xihuitl,plant,,p111_01,tohmiyo xihuitl,Tohmiyo/possibly pulque; Xihuitl/herb or
ID178,Tolohua xihuitl,plant,03a; 06f; 06g; 07e; 08a; 08i; 08j; 09n,p049_01,tolohua; tolohua-xihuitl; tolova; tolova xihuitl; tolova-xihuitl,Tolohua/to roll or wrap; Xihuitl/herb or
ID179,Tlapatl,plant,03a,,,"Tlapatl/herb or medicine, often purgative"
ID180,Tol-patlactli,plant,05d; 09e,p029_03,tol-patlctli,Tol/lip or border; Patlactli/medicine
ID181,Tomaz-quitl,plant,08l,p069_02,tomazqtl; tomazquitl,Tomaz/cold; Quitl/sickness or illness
ID182,Tonaca-xochitl,plant,10f,p099_02,tonaca xochitl,Tonaca/flesh or nourishment; Xochitl/flower
ID183,Tonal-xochitl,plant,,p067_06,tonal xochitl,Tonal/sun or heat; Xochitl/flower
ID184,Xiuhuitl tonalco-mochiva hahuachcho,plant,,p012_01,,Xiuhuitl/herb or year; Tonalco/in the sun or heat; Mochiva/it becomes; Hahuachcho/uncertain or onomatopoeic
ID185,Ayauh-tonan-yxiuh,plant,10f,p099_03,ayauh tonan,Ayauh/mist or fog; Tonan/our mother goddess; Yxiuh/herb or turquoise
ID186,Totonqui xochitl,plant,,p067_01; p067_07,,Totonqui/hot or warm; Xochitl/flower
ID187,Topozan,plant,09g,,,Topozan/foam or froth
ID188,Totec-yxiuh,plant,,p110_03,,Totec/our lord; Yxiuh/herb or turquoise
ID189,Totoloctzin,plant,10f,p099_01,,Totoloctzin/honorific form of totoloc possibly turkey
ID190,Tlaca-camotli,plant,07d; 09e,,,Tlaca/person or man; Camotli/sweet potato
ID192,Tlaco-amatl,plant,07k,,tlacomatl,Tlaco/half or middle; Amatl/paper
ID193,Tlaco-ecapatli,plant,09l,,tlaco-eca-patli,Tlaco/half or middle; Ecapatl/air medicine or wind medicine
ID194,Tlaco-izqui-xochitl,plant,02b,,,Tlaco/half or middle; Izqui/black or dark; Xochitl/flower
ID195,Tlaco-popotli,plant,11c,p108_02,tlaco-popotl; tlaco-poptl,Tlaco/half or middle; Popotli/smoke
ID196,Tlaco-xilo-xochitl,plant,05h; 06b; 09d,,,Tlaco/half or middle; Xilo/tender or young; Xochitl/flower
ID197,Tla-cuilol-quahuitl,plant,,p069_01,tlah-cuilol quahuitl,"Tla/thing or something; Cuilol/scroll, writing, or painting; Quahuitl/tree or wood"
ID198,Tlal-ahuehuetl,plant,01b; 09j; 09m; 09n; 12a,,,Tlal/earth or ground; Ahuehuetl/montezuma cypress
ID200,Tlal-ecapatli,plant,08j; 09e; 09q,,,Tlal/earth or ground; Ecapatl/air medicine or wind medicine
ID202,Tlal-mizquitl,plant,06e; 12a,,,Tlal/earth or ground; Mizquitl/mesquite
ID203,Tlal-patli,plant,09m,,,Tlal/earth or ground; Patli/medicine
ID204,Tlal-quequetzal,plant,06d; 09d,,,Tlal/earth or ground; Quequetzal/may refer to a precious or adorned thing
ID205,Tla-nen-popoloua,plant,09l,,tlanen-popoloa,Tla/thing or something; Nen/useless or vain; Popoloua/to rot or decompose
ID207,Tlanextia-yxiuh,plant,09h; 10d,,tlanexti-yxiuh,Tlanextia/to shine or give light; Yxiuh/herb or turquoise
ID208,Tlanextia xiuhtontli,plant,05d; 05f; 05i; 07l; 07m; 11a,p029_01,tlanexti; tlanexti-xiuhtontli; tlanextia,Tlanextia/to shine or give light; Xiuhtontli/little or small
ID209,Tlanextia quahuitl,plant,07l; 09b,p069_03,tlanexti-quahuitl; tlanextia-quahuitl,Tlanextia/to shine or give light; Quahuitl/tree or wood
ID211,Tlapal-achiyotl,plant,09d,,,Tlapal/color or dye; Achiyotl/juice or sap
ID212,Tlapol-cacahuatl,plant,08l,p068_02,tlapal-cacahuatl,Tlapol/ground or crushed; Cacahuatl/cacao
ID213,Tlaquilin,plant,03a; 09i; 09m,p022_03,,Tlaquilin/possibly tla thing and quilin medicinal
ID214,Tlatlacotic,plant,06c; 07a; 09q; 10a; 10e,,,Tlatlacotic/burning or painful from tlatlacoa to burn or hurt
ID215,Tlatlanquaye,plant,01b; 03a; 05i; 06a; 07f; 07i; 07l; 08k; 09a; 09f; 09g; 09h; 09i; 09m; 09n; 09q; 12a,p034_01; p073_02,tlatlan-quaye,Tlatlanquaye/may relate to eating or consumption from tlanquayea
ID217,Tlatlaolton,plant,07b; 08k,,,Tlatlaolton/may relate to tlatlaolli toasted maize and a diminutive
ID220,Tla-yapaloni,plant,01b; 09f; 09n; 12a,p008_02,tlayapaloni,Tla/thing or something; Yapaloni/to turn or twist
ID221,Tlazol-patli,plant,02g; 09b,p020_01,azcapan-ixua-tlazol-patli,"Tlazol/filth, sin, or fertility; Patli/medicine"
ID222,Tlazol-teo-zacatl,plant,09b; 09f,p080_01,tlazo-teo-zacatl; tlazolco-zacatl,"Tlazol/filth, sin, or fertility; Teo/divine; Zacatl/grass or hay"
ID224,Tlil-xochitl,plant,10k,p104_02,,Tlil/black or dark; Xochitl/flower
ID225,Tzacouh-xochitl,plant,10d,,,Tzacouh/hard or dry; Xochitl/flower
ID226,Tzayanal-quilitl,plant,09e,p079_03,,Tzayanal/uncertain possibly scattered or branched; Quilitl/edible green
ID227,Tzihuac-copalli,plant,09l,,,Tzihuac/resinous or aged; Copalli/incense or copal
ID228,A-tzitzicaztli,plant,,p026_01,,A/water; Tzitzicaztli/buzzing insect or cicada
ID229,Colo-tzitzicaztli,plant,09k,,,Colo/bent or twisted; Tzitzicaztli/buzzing insect or cicada
ID233,Tzitzicton,plant,07b; 08h,p064_02,,Tzitzic/buzz or shrill sound; -ton/diminutive
ID234,Tzon-pachtzin,plant,09b,,tzom-pachtin,Tzon/hair; Pachtzin/diminutive of pachtli hay or straw
ID235,Tzonpilihuiz-patli,plant,06h,,,Tzon/hair; Pilihuiz/fine or soft; Patli/medicine
ID236,Tzon-pilihuiz-xihuitl,plant,04a; 07g,p024_01,tzonpilihuiz xihuitl; tzonpilihuiz-xihuitl,Tzon/hair; Pilihuiz/fine or soft; Xihuitl/herb or
ID237,Tzopelica-cococ,plant,06b,,,Tzopelica/sweet; Cococ/hot or spicy
ID238,Tzotzoca-xihuitl,plant,,p096_01,tzotzoca xihuitl,Tzotzoca/mossy or downy; Xihuitl/herb or
ID240,Xal-tomatl,plant,05e; 09e; 11a,p014_01,,Xal/sand; Tomatl/tomato
ID241,Xa-xocotl,plant,07k; 09e,,,Xa/possibly intensifying; Xocotl/sour fruit
ID242,Xe-xihuitl,plant,08j,,,Xe/dry or brittle; Xihuitl/herb or
ID243,Xilo-xochitl,plant,09m,,,Xilo/tender or young; Xochitl/flower
ID245,Xiuh-patli,plant,11c,p067_09,xiuh pahtli; xiuhpatli,Xiuh/herb or turquoise; Patli/medicine
ID246,Xiuh-tlemaitl,plant,09k,,,Xiuh/herb or turquoise; Tlemaitl/fire-hand or fireholder
ID247,Xiuhtontli,plant,05h; 07i; 08a; 08h; 09f,,xiuh-tontli,Xiuh/herb or turquoise; -tontli/diminutive
ID248,Xomalin,plant,,p110_02,,"Xomalin/slippery, tender, possibly related to cooked maize dough"
ID250,Ohua-xoxocoyolin,plant,07j; 08c; 09h,p017_01,ohua-xocoyolin,Ohua/morning or dew; Xoxocoyolin/sour fruit or tart thing
ID251,Quauhtla xoxocoyolin,plant,,p009_01,quauhtla-xoxocoyolin,Quauhtla/forest or woodland; Xoxocoyolin/sour fruit or tart thing
ID252,xoxouhca-patli,plant,03a; 06i; 08g,p022_02; p063_01,quetzal-xoxouhqui; xoxouhqui-patli,Xoxouhca/greenish-blue place or sourness; Patli/medicine
ID253,xoxouhqui-itzli,plant,07h,,,Xoxouhqui/greenish-blue; Itzli/obsidian or blade
ID254,Zaca-matlalin,plant,09b; 09o,p089_01,zaca malalin,Zaca/grass; Matlalin/green or blue-green
ID255,Zozoyatic,plant,10i,p102_01,,Zozoyatic/sourish or tangy
ID256,Temamatlatzin,plant,05i,,,Temamatlatzin/esteemed container or bearer
ID257,Tonatiuh yxiuh v1,plant,06f; 06g; 08e; 09b; 09e; 09h; 09o; 10d; 13a,,tonatiuh yxiuh; tonatiuh-yxiuh,Tonatiuh/sun; Yxiuh/herb or turquoise
ID258,Tonatiuh yxiuh v2,plant,07h,p051_02,tonatiuh yxiuh pepetlaca; tonatiuh-yxiuh,Tonatiuh/sun; Yxiuh/herb or turquoise
ID259,Tecpatl,plant,06f,,,Tecpatl/flint or obsidian blade
ID260,Tetlahuitl v1,plant,07b,,tetlahuitl,Tetlahuitl/divine flame or incense
ID261,Chichic-xihuitl,plant,07m,,,Chichic/spicy or bitter; Xihuitl/herb or
ID262,Xococ quahuitl,plant,,p069_04,,Xococ/sour; Quahuitl/tree or wood
ID263,teco-xochiti-xihuitl,plant,09b,,,Teco/ash or burnt; Xochitl/flower; Xihuitl/herb or
ID264,tepaquilti quahuitl,plant,09q,,,Tepaquilti/medicine that causes vomiting or sweat; Quahuitl/tree or wood
ID265,A-camallo-tetl v1,plant,12a,p113_01,a-camallo-tetl,A/water; camallo/grouper or sea fish; tetl/stone
ID266,tetlahuitl v2,stone,01a; 03a; 07c; 08j; 08k; 08l; 09f; 10e; 11c,,tetlahuital; tetlahuitl,Tetl/stone; lahuitl/ointment or pigment
ID267,iztac tlalli,stone,01a,,,Iztac/white; tlalli/earth or land
ID268,eztetl,stone,01a; 03a; 05d; 08d; 08j; 08k; 08l; 09e; 09f; 10e; 11a; 11b; 11c; 13a,,ez-tetl,Eztli/blood; tetl/stone
ID269,te-mamatlatzin,stone,01a,,,Te/stone; mamatlatzin/cloth bundle or revered bundle
ID270,atzitzicuilotl,animal,01c,,,Atl/water; tzitzicuilotl/water
ID271,avat-tecolotl,animal,01e,,,Avat/parrot; tecolotl/owl
ID272,tlacal-huatzin,stone,01f; 02b; 03a; 07b; 08j; 08k; 08l; 09e; 10e; 13a,,tlaca-huatzin; tlacahuatzin; tlacalhuatzin,Tlacatl/person or man; huatzin/splashing or diving bird
ID273,chilmolli,other,02b,,,Chilli/chili; molli/sauce
ID274,molo-tototl,bird,02b,,,Molo/tangled or mashed; tototl/bird
ID276,iztac-quetzaliztli,stone,05c,,,Iztac/white; quetzaliztli/preciousness or beauty
ID277,chichiltic tapachtli,stone,05c; 05h; 07c,,,Chichiltic/red; tapachtli/mat or pad
ID278,xochi-ocotzotl,other,05c; 06a; 08j; 09q; 10k,,xochi-oco-tzotl,Xochitl/flower; ocotzotl/pinecone
ID279,a-camallo-tetl v2,stone,05e; 07d; 09e; 12a,,a-camallo-tetl; a-camollotetl,A/water; camallo/grouper or sea fish; tetl/stone
ID280,teo-xihuitl v2,stone,05h,,teo-xihuitl,Teotl/divine or sacred; xihuitl/turquoise or
ID281,xiuh-tomolli,stone,07d; 07h; 09b,,,Xiuh/herb or turquoise; tomolli/rolled or bundle
ID282,te-xoxoctli,stone,08a,,,Te/stone; xoxoctli/sourness or tart item
ID283,eca-cohuatl,animal,08f,,,Ecatl/wind or breath; cohuatl/snake
ID284,huacton,bird,08h,,,Huactli/forked or horned; -ton/diminutive
ID285,hoxitl,other,08i,,,Hoxitl/resin or gum
ID286,cuetlachtli,animal,08l,,,Cuetlachtli/wolf
ID287,miztli,animal,08l,,,Miztli/mountain lion or puma
ID288,ocotochtli,animal,08l,,,Ocotl/pine; tochtli/rabbit
ID289,tlaco-ocelotl,animal,08l,,,Tlaco/half or middle; ocelotl/jaguar
ID290,quetzal-iztli,stone,08l,,,Quetzal/precious or feathered; iztli/obsidian or blade
ID291,huexo-canauhtli,bird,08l; 09b; 09e; 09f,,,Huexo/bone; canauhtli/vulture or buzzard
ID292,huactli,bird,08l; 09b; 10a; 10e,,hauctli,Huactli/forked or horned
ID293,apopotli,bird,08l; 09b,,,Apopotli/bubbling or foam
ID294,coyotl,animal,08l,,,Coyotl/coyote
ID295,huitlalotl,bird,09b; 13a,,huitla-tototl,Huitl/tail or feather; alotl/water
ID296,aztatl,bird,09b,,,Aztatl/egret or heron
ID297,tlacahuilotl,bird,09b,,,Tlacatl/person or man; huilotl/duck
ID298,xiuh-quechol-tototl,bird,09b; 10e; 13a,,quechol-tototl; xiuhquechol-tototl,Xiuh/herb or turquoise; quechol/roseate spoonbill; tototl/bird
ID299,tototl,bird,09b,,,Tototl/bird
ID300,tlapal-tototl,bird,09b; 10e; 13a,,tlapa-tototl; tlpal-tototl,Tlapalli/pigment or color; tototl/bird
ID301,noch-tototl,bird,09b; 09e; 13a,,noch-totl,Nochtli/prickly pear; tototl/bird
ID302,acatzanatl,bird,09b,,,Acatl/reed; zanatl/water
ID303,zolin,bird,09b,,,Zolin/quail
ID304,texalli,stone,09b,,,Tetl/stone; xalli/sand
ID305,huitzitzilin,bird,09e,,,Huitzitzilin/hummingbird
ID306,cocotli,bird,09e,,,Cocotl/bird of prey
ID307,pezotli,animal,09e,,,Pezotl/bat
ID309,octli,other,10h; 11a,,,Octli/pulque or fermented drink
ID310,tlaquatzin,animal,11a,,,Tla-/prefix; quatzin/sacred or revered