ID,official_name,type,text_subchapters,illustrations,synonyms
ID001,Aca-capac-quilitl,plant,09e,p079_01,acacapac-quilitl; acapac-quilitl
ID003,A-chilli,plant,08j,p065_02,NA
ID004,Acoco-xihuitl,plant,10a,p094_02,a-cocohtli
ID005,Acxoyatl,plant,10b,p095_02,NA
ID006,Ahuatl,plant,08l,p088_03,ahuatl tepiton
ID007,Ahquiztli,plant,09b,p074_02,a-quiztli
ID009,Ahuiyac-xihuitl,plant,08k; 11b,p107_01,hayuiyac xihuitl
ID012,Xiuh-amolli,plant,01e,p011_01,NA
ID014,A-quahuitl,plant,06d; 09g; 09i,NA,NA
ID015,A-toch-ietl,plant,04a,p024_02,NA
ID016,Atoya-xocotl,plant,01d; 10k,NA,NA
ID017,A-xocotl,plant,08l; 09f; 10k,NA,NA
ID018,Ayauh-quahuitl,plant,08f; 08l; 09f; 09q,p091_01,NA
ID019,Ayauhtli,plant,07b,NA,NA
ID021,A-illin,plant,08l,NA,a-ylin
ID022,Ylin,plant,07k; 09j; 09o,NA,NA
ID023,Tepe-ylin,plant,08l,NA,NA
ID024,Quetzal-ylin,plant,07k; 07l; 08l; 09i; 09m; 13a,p069_10,quetzal ylin
ID025,Ayo-nelhuatl,plant,11c,p109_02,ayonelhuatl
ID028,Eca-patli,plant,01a; 05h; 06d; 06e; 08j; 08k; 08l; 09b; 09p; 10b; 10f; 12a,p007_01; p065_01,xiuh-ecapatli
ID030,Elo-xochitl,plant,08l,p069_08,NA
ID031,Xiuh-elo-quilitl,plant,11c,p108_01,xiuh-eloquilitl
ID032,Elo-zacatl,plant,07l; 11d,NA,NA
ID036,Iztac huitz-quahuitl,plant,11c,p109_01,NA
ID037,Huitz-quahuitl,plant,08l; 09d,p068_07,NA
ID039,Iztac-patli,plant,04b,p025_01,iztac patli
ID041,Teo-iztaquilitl,plant,05f; 07b; 07h; 09b; 09e,p031_01; p051_01,chichiltic teo-iztaquilitl tlalli; teo-iztac-quilitl; teo-iztacuilitl
ID042,Izqui-xochitl,plant,08l; 09d; 09f,p069_09,NA
ID043,Tlaco-izqui-xochitl,plant,05e; 08d; 08l,NA,NA
ID044,Quauh-izqui-xochitl,plant,09c,NA,NA
ID045,Itzquin-patli,plant,07b; 08f; 08j; 08k,NA,itzcuin-patli; itzcuinpatli
ID047,Ocotl,plant,08l,NA,NA
ID048,Oco-xochitl,plant,02b; 10f,NA,NA
ID049,Iztac oco-xochitl,plant,01a; 07l; 08e; 09b; 09e; 09q,p007_02,iztac ocoxochitl; iztac-oco-xochitl; oco-xochitl
ID051,Oyametl,plant,08l,NA,NA
ID052,Yamanqui patli,plant,09d,NA,yamanqui-patli
ID054,Iztauyattl,plant,06i; 08e; 08j; 08k; 09e; 09q; 10i,NA,iztauh-yatl; iztauh-yattl; iztauhyatl; iztauhyauh
ID055,Y-yauhtli,plant,06a,NA,yyauhtli
ID056,Quauh-yyauhtli,plant,08j; 08l; 09l; 09q; 10b; 10j; 11d,p091_02,qauh-yyauhtli; yyauhtli
ID057,Holli,plant,09d,NA,NA
ID058,Yollo-xochitl,plant,08c; 08d; 10e; 10k,p098_02,NA
ID060,Cacalo-xochitl,plant,08l; 09g; 10d,p097_01,NA
ID061,Tlal-cacapol,plant,09m,NA,NA
ID062,Cacaua-xochitl,plant,08j; 10d; 10e,p098_01,cacau-xochitl
ID064,Capolla-xipehualli,plant,09d,NA,capolla-xipe-hualli
ID066,Capul-xihuitl,plant,07k,NA,NA
ID068,Centzon-xochitl,plant,09b; 09f; 11c,p074_01,centzon xochitl
ID069,Centzon-oco-xochitl,plant,09e,NA,NA
ID070,Cihua-patli,plant,11a,p106_02,NA
ID071,Cimatl,plant,09m,NA,NA
ID072,Coanenepilli,plant,08c; 09f,NA,cohuanene-pilli
ID074,Cohua-xochitl,plant,09e,NA,NA
ID076,Cochiz-xihuitl,plant,02g,p020_03,NA
ID077,Huihuitzyo-cochiz-xihuitl,plant,02g,p020_02,NA
ID078,Cococ-xihuitl,plant,07i,NA,cococ-xiuhuitl
ID079,Colo-mecatl,plant,09c,p077_01,NA
ID081,Coltotzin,plant,12a,p113_02,NA
ID082,Copaliyac-xiuhtontli,plant,07i; 07m,NA,NA
ID083,Copal-quahuitl,plant,01d,NA,NA
ID084,Copal-xocotl,plant,10k,NA,NA
ID085,Coyo-xihuitl,plant,08g; 08j; 09e; 09g; 09l,p061_01,coyo-xihuitl tlaztalehualtic
ID087,Cuecuetz-patli,plant,09h,NA,NA
ID088,Chian,plant,08c,NA,NA
ID090,Chichiltic xiuhtontli,plant,11e,NA,NA
ID091,Chicom-acatl,plant,09f,NA,chicom-catl
ID092,Chipauac xihuitl,plant,01b,p008_01,chipauac
ID093,Chiyava xihuitl,plant,10g,p100_01,chiyava-xihuitl
ID094,Huacal-xochitl,plant,02b; 05e; 07b; 08l; 10k,p030_01,huacal xochitl
ID096,Tlal-huaxin,plant,08a,NA,NA
ID097,Huelic-patli,plant,07n,NA,NA
ID099,Huey-nacaztli,plant,08l; 10k,NA,NA
ID100,Huitz-colotli,plant,05h,p033_02,huitz-colo-xochitl; huitz-colohtli
ID101,Huihuitz-mallotic,plant,07j; 08c,NA,huitz-mallotic
ID103,Huitz-quilitl,plant,01d; 09e; 09p,p010_02,NA
ID104,Quauhtla huitz-quilitl,plant,07m; 09a,p073_01,NA
ID105,Huitzihtzil-xochitl,plant,08k; 12a,p066_01,huitzihtzil xochitl; huitzitzil-xochitl
ID106,Macpal-xochitl,plant,08a,NA,NA
ID107,Malinalli,plant,02e; 05h; 11c,p018_01,NA
ID108,Mamaxtla,plant,08c; 08d,NA,NA
ID109,Mamaxtla-nelhuatl,plant,09b,NA,NA
ID110,Matlal-xochitl,plant,02b,p014_02,NA
ID112,Maza-yelli,plant,03a,p022_01,NA
ID113,Meca-xochitl,plant,08l; 10k,p104_01,NA
ID116,Mexix-quilitl,plant,06a,NA,NA
ID117,Michi-huauhtli,plant,12a,NA,NA
ID118,Mizquitl,plant,02b,NA,NA
ID121,Nexehuac,plant,07e,p049_02,NA
ID122,Nocheztli,plant,06c,NA,NA
ID123,Nochtli,plant,11a,NA,NA
ID124,Teo-nochtli,plant,05c,p028_01,NA
ID126,Nonochton azcapanixua,plant,07c,NA,nonochton
ID127,Nopalli,plant,09p,NA,nohpalli
ID128,Papalo-quilitl,plant,06a; 07b; 09q; 10f,NA,NA
ID129,Patlahuac tzitzicaztli,plant,09k,NA,NA
ID130,Piciyetl,plant,07l; 09h,NA,pizietl
ID131,Piltzinte-couh-xochitl,plant,08f; 08j,p062_01; p067_02,piltzin-tecouh-xochitl; pilzinte-couh xochitl chiyaua
ID132,Pozahualiz-xiuhtontli,plant,11d,p110_01,NA
ID133,Quappo-quietl,plant,08f,p062_02,NA
ID134,Quauh-alahuac,plant,11a; 11c,p106_01,NA
ID135,Quauh-yayahual,plant,09g; 10b,p095_01,quauh yayahual
ID139,Quauh-patli,plant,09m,NA,NA
ID140,Quauh-tzitzicaztli,plant,09k,NA,NA
ID141,Quauh-xiyotl,plant,09g,NA,NA
ID143,Quetzal-ahuexotl,plant,11a,p106_03,a-huexotl; quetzal ahuexotl
ID145,Quetzal-atzonyatl,plant,10a,p094_01,quetzal-atzo-yatl; quetzal-hatzonyatl
ID147,Quetzal-misquitl,plant,08f; 09m,NA,quetzal-mizquitl
ID148,Quetzal-xoxouca-patli,plant,08j,NA,quetzal-xoxouhca-patli
ID149,Quetzal-xoxouhca-patli tzotzotlani,plant,08j,NA,tzotzotlani
ID150,Te-amoxtli,plant,01a; 05d; 05e; 08b; 08g; 09f; 09p; 09q; 12b,p007_03; p029_02,NA
ID154,Te-memetla,plant,06c,NA,tememetla
ID155,Teo-amatl,plant,09c; 09d; 09h,NA,NA
ID157,Teo-xihuitl v1,plant,07c,NA,teo-xihuitl
ID160,Tepe-chian,plant,08e; 08f; 08g; 08j; 09b; 09g,NA,NA
ID163,Tequam-maitl,plant,01d,p010_03,NA
ID164,Tequixqui-zacatl,plant,02f,p019_02,NA
ID165,Te-tzapotl,plant,08a; 08b,NA,NA
ID166,Te-tzitzicaztli,plant,09k,NA,NA
ID167,Te-tzitzilin,plant,10a,p094_03,te-tzilin
ID168,Te-xiyotl,plant,06c; 09p,NA,NA
ID170,Tetezhuatic,plant,06e,NA,te-tezhuatic
ID171,Tetzmi-nopalli,plant,05g,NA,NA
ID172,Tetzmitl,plant,02f; 09b; 09e; 09l; 09p,p019_01,NA
ID173,Tetzmi-xochitl,plant,01d; 08d,NA,NA
ID176,Tezon-patli,plant,01d,p010_01,NA
ID178,Tolohua xihuitl,plant,03a; 06f; 06g; 07e; 08a; 08i; 08j; 09n,p049_01,tolohua; tolohua-xihuitl; tolova; tolova xihuitl; tolova-xihuitl
ID179,Tlapatl,plant,03a,NA,NA
ID180,Tol-patlactli,plant,05d; 09e,p029_03,tol-patlctli
ID181,Tomaz-quitl,plant,08l,p069_02,tomazqtl; tomazquitl
ID182,Tonaca-xochitl,plant,10f,p099_02,tonaca xochitl
ID185,Ayauh-tonan-yxiuh,plant,10f,p099_03,ayauh tonan
ID187,Topozan,plant,09g,NA,NA
ID189,Totoloctzin,plant,10f,p099_01,NA
ID190,Tlaca-camotli,plant,07d; 09e,NA,NA
ID192,Tlaco-amatl,plant,07k,NA,tlacomatl
ID193,Tlaco-ecapatli,plant,09l,NA,tlaco-eca-patli
ID194,Tlaco-izqui-xochitl,plant,02b,NA,NA
ID195,Tlaco-popotli,plant,11c,p108_02,tlaco-popotl; tlaco-poptl
ID196,Tlaco-xilo-xochitl,plant,05h; 06b; 09d,NA,NA
ID198,Tlal-ahuehuetl,plant,01b; 09j; 09m; 09n; 12a,NA,NA
ID200,Tlal-ecapatli,plant,08j; 09e; 09q,NA,NA
ID202,Tlal-mizquitl,plant,06e; 12a,NA,NA
ID203,Tlal-patli,plant,09m,NA,NA
ID204,Tlal-quequetzal,plant,06d; 09d,NA,NA
ID205,Tla-nen-popoloua,plant,09l,NA,tlanen-popoloa
ID207,Tlanextia-yxiuh,plant,09h; 10d,NA,tlanexti-yxiuh
ID208,Tlanextia xiuhtontli,plant,05d; 05f; 05i; 07l; 07m; 11a,p029_01,tlanexti; tlanexti-xiuhtontli; tlanextia
ID209,Tlanextia quahuitl,plant,07l; 09b,p069_03,tlanexti-quahuitl; tlanextia-quahuitl
ID211,Tlapal-achiyotl,plant,09d,NA,NA
ID212,Tlapol-cacahuatl,plant,08l,p068_02,tlapal-cacahuatl
ID213,Tlaquilin,plant,03a; 09i; 09m,p022_03,NA
ID214,Tlatlacotic,plant,06c; 07a; 09q; 10a; 10e,NA,NA
ID215,Tlatlanquaye,plant,01b; 03a; 05i; 06a; 07f; 07i; 07l; 08k; 09a; 09f; 09g; 09h; 09i; 09m; 09n; 09q; 12a,p034_01; p073_02,tlatlan-quaye
ID217,Tlatlaolton,plant,07b; 08k,NA,NA
ID220,Tla-yapaloni,plant,01b; 09f; 09n; 12a,p008_02,tlayapaloni
ID221,Tlazol-patli,plant,02g; 09b,p020_01,azcapan-ixua-tlazol-patli
ID222,Tlazol-teo-zacatl,plant,09b; 09f,p080_01,tlazo-teo-zacatl; tlazolco-zacatl
ID224,Tlil-xochitl,plant,10k,p104_02,NA
ID225,Tzacouh-xochitl,plant,10d,NA,NA
ID226,Tzayanal-quilitl,plant,09e,p079_03,NA
ID227,Tzihuac-copalli,plant,09l,NA,NA
ID229,Colo-tzitzicaztli,plant,09k,NA,NA
ID233,Tzitzicton,plant,07b; 08h,p064_02,NA
ID234,Tzon-pachtzin,plant,09b,NA,tzom-pachtin
ID235,Tzonpilihuiz-patli,plant,06h,NA,NA
ID236,Tzon-pilihuiz-xihuitl,plant,04a; 07g,p024_01,tzonpilihuiz xihuitl; tzonpilihuiz-xihuitl
ID237,Tzopelica-cococ,plant,06b,NA,NA
ID240,Xal-tomatl,plant,05e; 09e; 11a,p014_01,NA
ID241,Xa-xocotl,plant,07k; 09e,NA,NA
ID242,Xe-xihuitl,plant,08j,NA,NA
ID243,Xilo-xochitl,plant,09m,NA,NA
ID245,Xiuh-patli,plant,11c,p067_09,xiuh pahtli; xiuhpatli
ID246,Xiuh-tlemaitl,plant,09k,NA,NA
ID247,Xiuhtontli,plant,05h; 07i; 08a; 08h; 09f,NA,xiuh-tontli
ID250,Ohua-xoxocoyolin,plant,07j; 08c; 09h,p017_01,ohua-xocoyolin
ID252,xoxouhca-patli,plant,03a; 06i; 08g,p022_02; p063_01,quetzal-xoxouhqui; xoxouhqui-patli
ID253,xoxouhqui-itzli,plant,07h,NA,NA
ID254,Zaca-matlalin,plant,09b; 09o,p089_01,zaca malalin
ID255,Zozoyatic,plant,10i,p102_01,NA
ID256,Temamatlatzin,plant,05i,NA,NA
ID257,Tonatiuh yxiuh v1,plant,06f; 06g; 08e; 09b; 09e; 09h; 09o; 10d; 13a,NA,tonatiuh yxiuh; tonatiuh-yxiuh
ID258,Tonatiuh yxiuh v2,plant,07h,p051_02,tonatiuh yxiuh pepetlaca; tonatiuh-yxiuh
ID259,Tecpatl,plant,06f,NA,NA
ID260,Tetlahuitl v1,plant,07b,NA,tetlahuitl
ID261,Chichic-xihuitl,plant,07m,NA,NA
ID263,teco-xochiti-xihuitl,plant,09b,NA,NA
ID264,tepaquilti quahuitl,plant,09q,NA,NA
ID265,A-camallo-tetl v1,plant,12a,p113_01,a-camallo-tetl
ID266,tetlahuitl v2,stone,01a; 03a; 07c; 08j; 08k; 08l; 09f; 10e; 11c,NA,tetlahuital; tetlahuitl
ID267,iztac tlalli,stone,01a,NA,NA
ID268,eztetl,stone,01a; 03a; 05d; 08d; 08j; 08k; 08l; 09e; 09f; 10e; 11a; 11b; 11c; 13a,NA,ez-tetl
ID269,te-mamatlatzin,stone,01a,NA,NA
ID270,atzitzicuilotl,animal,01c,NA,NA
ID271,avat-tecolotl,animal,01e,NA,NA
ID272,tlacal-huatzin,stone,01f; 02b; 03a; 07b; 08j; 08k; 08l; 09e; 10e; 13a,NA,tlaca-huatzin; tlacahuatzin; tlacalhuatzin
ID273,chilmolli,other,02b,NA,NA
ID274,molo-tototl,bird,02b,NA,NA
ID276,iztac-quetzaliztli,stone,05c,NA,NA
ID277,chichiltic tapachtli,stone,05c; 05h; 07c,NA,NA
ID278,xochi-ocotzotl,other,05c; 06a; 08j; 09q; 10k,NA,xochi-oco-tzotl
ID279,a-camallo-tetl v2,stone,05e; 07d; 09e; 12a,NA,a-camallo-tetl; a-camollotetl
ID280,teo-xihuitl v2,stone,05h,NA,teo-xihuitl
ID281,xiuh-tomolli,stone,07d; 07h; 09b,NA,NA
ID282,te-xoxoctli,stone,08a,NA,NA
ID283,eca-cohuatl,animal,08f,NA,NA
ID284,huacton,bird,08h,NA,NA
ID285,hoxitl,other,08i,NA,NA
ID286,cuetlachtli,animal,08l,NA,NA
ID287,miztli,animal,08l,NA,NA
ID288,ocotochtli,animal,08l,NA,NA
ID289,tlaco-ocelotl,animal,08l,NA,NA
ID290,quetzal-iztli,stone,08l,NA,NA
ID291,huexo-canauhtli,bird,08l; 09b; 09e; 09f,NA,NA
ID292,huactli,bird,08l; 09b; 10a; 10e,NA,hauctli
ID293,apopotli,bird,08l; 09b,NA,NA
ID294,coyotl,animal,08l,NA,NA
ID295,huitlalotl,bird,09b; 13a,NA,huitla-tototl
ID296,aztatl,bird,09b,NA,NA
ID297,tlacahuilotl,bird,09b,NA,NA
ID298,xiuh-quechol-tototl,bird,09b; 10e; 13a,NA,quechol-tototl; xiuhquechol-tototl
ID299,tototl,bird,09b,NA,NA
ID300,tlapal-tototl,bird,09b; 10e; 13a,NA,tlapa-tototl; tlpal-tototl
ID301,noch-tototl,bird,09b; 09e; 13a,NA,noch-totl
ID302,acatzanatl,bird,09b,NA,NA
ID303,zolin,bird,09b,NA,NA
ID304,texalli,stone,09b,NA,NA
ID305,huitzitzilin,bird,09e,NA,NA
ID306,cocotli,bird,09e,NA,NA
ID307,pezotli,animal,09e,NA,NA
ID309,octli,other,10h; 11a,NA,NA
ID310,tlaquatzin,animal,11a,NA,NA
ID002,Acatl,plant,NA,p079_04,NA
ID020,A-yecotli,plant,NA,p050_01,NA
ID026,A-zaca-tzontli,plant,NA,p079_02,NA
ID033,Ez-patli,plant,NA,p033_01,NA
ID035,Teo-ezquahuitl,plant,NA,p068_06,teo-ez-quahuitl
ID040,Iztac-quahuitl,plant,NA,p068_05,iztac quahuitl
ID053,Te-xochitl yamanqui,plant,NA,p064_01,NA
ID067,Cecen-tlacol,plant,NA,p067_08,cecen tlacol
ID075,Cohua-xocotl,plant,NA,p068_04,coa-xocotl
ID086,Coz-canantzi,plant,NA,p067_03,NA
ID089,Chichic texcal-amatl,plant,NA,p078_01,NA
ID098,Huetzcani xochitl,plant,NA,p067_11,NA
ID114,Memeya xiuhtontli,plant,NA,p111_02,memeya xihuitl
ID115,Metzli-yzacauh,plant,NA,p067_10,metzli yzacauh
ID119,Mocuepani-xochitl,plant,NA,p067_05,mocuepani xochitl
ID120,Necouh xochitl,plant,NA,p097_02,NA
ID125,Tlaloc-nochtli,plant,NA,p090_01,NA
ID137,Quauh-huitzihtzil-xochitl,plant,NA,p069_07,quah-huitzihtzil xochitl
ID142,Quauhtla xoxocoyolin,plant,NA,p032_01,NA
ID152,Temahuitztih-quahuitl,plant,NA,p068_01; p069_06,temahuiztih quahuitl
ID158,Te-papa-quilti-quahuitl,plant,NA,p069_05,te-papaquilti quahuitl
ID159,Tepa-quilti xiuhtontli,plant,NA,p067_04,tepaquilti xiuhtontli
ID161,Tepe-papalo-quilitl,plant,NA,p103_01,tepe-papalo quilitl
ID174,Texcal-ama-coztli,plant,NA,p068_03,texcalama-coztli
ID177,Tohmiyo-xihuitl,plant,NA,p111_01,tohmiyo xihuitl
ID183,Tonal-xochitl,plant,NA,p067_06,tonal xochitl
ID184,Xiuhuitl tonalco-mochiva hahuachcho,plant,NA,p012_01,NA
ID186,Totonqui xochitl,plant,NA,p067_01; p067_07,NA
ID188,Totec-yxiuh,plant,NA,p110_03,NA
ID197,Tla-cuilol-quahuitl,plant,NA,p069_01,tlah-cuilol quahuitl
ID228,A-tzitzicaztli,plant,NA,p026_01,NA
ID238,Tzotzoca-xihuitl,plant,NA,p096_01,tzotzoca xihuitl
ID248,Xomalin,plant,NA,p110_02,NA
ID251,Quauhtla xoxocoyolin,plant,NA,p009_01,quauhtla-xoxocoyolin
ID262,Xococ quahuitl,plant,NA,p069_04,NA