Nahuatl,English,Label
Acatl,reed,Acatl/reed
Acatl,reed,Acatl/reed
Acatl,reed,Acatl/reed
Acatl,reed,Acatl/reed
Acatl,reed,Acatl/reed
Ayatl,willow or reed,Acatl/reed
Ama,paper,Amatl/paper
Amatl,paper,Amatl/paper
Amatl,paper,Amatl/paper
Amatl,paper,Amatl/paper
Amoxtli,book or codex,Amatl/paper
A,water,Atl/water
A,water,Atl/water
A,water,Atl/water
Atl,water,Atl/water
Atl,water,Atl/water
Atl,water,Atl/water
Atl,water,Atl/water
Atl,water,Atl/water
Atl,water,Atl/water
Atl,water,Atl/water
Atl,water,Atl/water
Atl,water,Atl/water
Atl,water,Atl/water
Ayauh,mist or fog,Ayauh/mist or fog
Ayauh,mist or fog,Ayauh/mist or fog
Ayauh,mist or fog,Ayauh/mist or fog
Centzon,four hundred or many,Centzon/four hundred or many
Centzon,four hundred or many,Centzon/four hundred or many
Chichic,spicy or bitter,Chichic/bitter
Chichic,spicy or bitter,Chichic/bitter
Chichiltic,red,Chichiltic/red
Chichiltic,red,Chichiltic/red
Chilli,chili,Chilli/chile
Chilli,chili,Chilli/chile
Cococ,hot or spicy,Cococ/hot or spicy
Cococ,hot or spicy,Cococ/hot or spicy
Copalli,incense or copal,Copalli/incense
Copalli,incense or copal,Copalli/incense
Copalli,incense or copal,Copalli/incense
Copalli,incense or copal,Copalli/incense
Coyotl,coyote,Coyotl/coyote
Coyotl,coyote,Coyotl/coyote
Eca,slippery or slimy,Ecatl/wind
Ecapatl,air medicine or wind medicine,Ecatl/wind
Ecapatl,air medicine or wind medicine,Ecatl/wind
Ecatl,wind or breath,Ecatl/wind
Elo,fresh ear of corn,Elotl/fresh maize ear
Elo,fresh ear of corn,Elotl/fresh maize ear
Elo,fresh ear of corn,Elotl/fresh maize ear
Eztli,blood,Eztli/blood
Huihuitz,thorny or spiky,Huitz/needle or thorn
Huihuitz,thorny or spiky,Huitz/needle or thorn
Huitz,needle or thorn,Huitz/needle or thorn
Huitz,needle or thorn,Huitz/needle or thorn
Huitz,needle or thorn,Huitz/needle or thorn
Huitz,needle or thorn,Huitz/needle or thorn
Huitz,needle or thorn,Huitz/needle or thorn
Huitzihtzil,hummingbird,Huitzihtzil/colibri
Huitzihtzil,hummingbird,Huitzihtzil/colibri
Huitzitzilin,hummingbird,Huitzihtzil/colibri
Iztac,white,Iztac/white
Iztac,white,Iztac/white
Iztac,white,Iztac/white
Iztac,white,Iztac/white
Iztac,white,Iztac/white
Iztac,white,Iztac/white
Iztac,white,Iztac/white
Iztac,white,Iztac/white
iztli,obsidian or blade,Iztli/obsidian or blade
Meca,cord or rope,"Mecatl/cord, rope, or vine"
Mecatl,cord or vine,"Mecatl/cord, rope, or vine"
Michi,fish,Michi/fish
Misquitl,mesquite,Misquitl/mesquite
Mizquitl,mesquite,Misquitl/mesquite
Mizquitl,mesquite,Misquitl/mesquite
molli,sauce,Molli/sauce
Nocheztli,prickly pear juice or red dye,Nochtli/prickly pear
Nochtli,prickly pear,Nochtli/prickly pear
Nochtli,prickly pear,Nochtli/prickly pear
Nochtli,prickly pear,Nochtli/prickly pear
Nochtli,prickly pear,Nochtli/prickly pear
Nopalli,prickly pear cactus pad,Nopalli/nopal
Nopalli,prickly pear cactus pad,Nopalli/nopal
Oco,pointed,Ocotl/pine
Oco,pointed,Ocotl/pine
Oco,pointed,Ocotl/pine
Ocotl,pine,Ocotl/pine
Ocotl,pine,Ocotl/pine
ocotzotl,pinecone,Ocotl/pine
Papalo,butterfly,Papalo/butterfly
Papalo,butterfly,Papalo/butterfly
Patlactli,medicine,Patli/medicine
Patli,medicine,Patli/medicine
Patli,medicine,Patli/medicine
Patli,medicine,Patli/medicine
Patli,medicine,Patli/medicine
Patli,medicine,Patli/medicine
Patli,medicine,Patli/medicine
Patli,medicine,Patli/medicine
Patli,medicine,Patli/medicine
Patli,medicine,Patli/medicine
Patli,medicine,Patli/medicine
Patli,medicine,Patli/medicine
Patli,medicine,Patli/medicine
Patli,medicine,Patli/medicine
Patli,medicine,Patli/medicine
Patli,medicine,Patli/medicine
Patli,medicine,Patli/medicine
Patli,medicine,Patli/medicine
Quahuitl,tree or wood,Quahuitl/tree or wood
Quauhtla,forest or woodland,Quahuitl/tree or wood
Quauhtla,forest or woodland,Quahuitl/tree or wood
Quauhtla,forest or woodland,Quahuitl/tree or wood
Quahuitl,tree or wood,Quahuitl/tree or wood
Quahuitl,tree or wood,Quahuitl/tree or wood
Quahuitl,tree or wood,Quahuitl/tree or wood
Quahuitl,tree or wood,Quahuitl/tree or wood
Quahuitl,tree or wood,Quahuitl/tree or wood
Quahuitl,tree or wood,Quahuitl/tree or wood
Quahuitl,tree or wood,Quahuitl/tree or wood
Quahuitl,tree or wood,Quahuitl/tree or wood
Quahuitl,tree or wood,Quahuitl/tree or wood
Quahuitl,tree or wood,Quahuitl/tree or wood
Quahuitl,tree or wood,Quahuitl/tree or wood
Quauh,tree or wood,Quahuitl/tree or wood
Quauh,tree or wood,Quahuitl/tree or wood
Quauh,tree or wood,Quahuitl/tree or wood
Quauh,tree or wood,Quahuitl/tree or wood
Quauh,tree or wood,Quahuitl/tree or wood
Quauh,tree or wood,Quahuitl/tree or wood
Quauh,tree or wood,Quahuitl/tree or wood
Quauh,tree or wood,Quahuitl/tree or wood
Quequetzal,may refer to a precious or adorned thing,"Quetzal/precious, feathered, or green"
Quetzal,precious or feathered,"Quetzal/precious, feathered, or green"
Quetzal,precious or feathered,"Quetzal/precious, feathered, or green"
Quetzal,precious or feathered,"Quetzal/precious, feathered, or green"
Quetzal,precious or feathered,"Quetzal/precious, feathered, or green"
Quetzal,precious or feathered,"Quetzal/precious, feathered, or green"
Quetzal,precious or feathered,"Quetzal/precious, feathered, or green"
Quetzal,precious or feathered,"Quetzal/precious, feathered, or green"
Quilitl,edible green,Quilitl/edible green
Quilitl,edible green,Quilitl/edible green
Quilitl,edible green,Quilitl/edible green
Quilitl,edible green,Quilitl/edible green
Quilitl,edible green,Quilitl/edible green
Quilitl,edible green,Quilitl/edible green
Quilitl,edible green,Quilitl/edible green
Quilitl,edible green,Quilitl/edible green
Quilitl,edible green,Quilitl/edible green
Te,stone,Te/stone
Te,stone,Te/stone
Te,stone,Te/stone
Te,stone,Te/stone
Te,stone,Te/stone
Te,stone,Te/stone
Te,stone,Te/stone
Te,stone,Te/stone
Te,stone,Te/stone
Te,stone,Te/stone
tecolotl,owl,Tecolotl/owl
Teo,divine,Teo/divine
Teo,divine,Teo/divine
Teo,divine,Teo/divine
Teo,divine,Teo/divine
Teotl,divine or sacred,Teo/divine
Teotl,divine or sacred,Teo/divine
Teotl,divine or sacred,Teo/divine
Tepe,hill or mountain,Tepe/hill or mountain
Tepe,hill or mountain,Tepe/hill or mountain
Tepe,hill or mountain,Tepe/hill or mountain
Tetl,stone,Tetl/stone
Tetl,stone,Tetl/stone
tetl,stone,Tetl/stone
tetl,stone,Tetl/stone
tetl,stone,Tetl/stone
Texcal,stone house or cliff,Texcal/stone or cliff
Texcal,stone house or cliff,Texcal/stone or cliff
Tla,thing or something,Tla/thing or something
Tla,thing or something,Tla/thing or something
Tla,thing or something,Tla/thing or something
Tla-,prefix,Tla/thing or something
Tlaca,person or man,Tlacatl/person
Tlacatl,person or man,Tlacatl/person
Tlacatl,person or man,Tlacatl/person
Tlaco,half or middle,Tlaco/half or middle
Tlaco,half or middle,Tlaco/half or middle
Tlaco,half or middle,Tlaco/half or middle
Tlaco,half or middle,Tlaco/half or middle
Tlaco,half or middle,Tlaco/half or middle
Tlaco,half or middle,Tlaco/half or middle
Tlaco,half or middle,Tlaco/half or middle
Tlal,earth or ground,Tlal/earth or ground
Tlal,earth or ground,Tlal/earth or ground
Tlal,earth or ground,Tlal/earth or ground
Tlal,earth or ground,Tlal/earth or ground
Tlal,earth or ground,Tlal/earth or ground
Tlal,earth or ground,Tlal/earth or ground
Tlal,earth or ground,Tlal/earth or ground
tlalli,earth or land,Tlalli/land
Tlanextia,to shine or give light,Tlanextia/to shine light
Tlanextia,to shine or give light,Tlanextia/to shine light
Tlanextia,to shine or give light,Tlanextia/to shine light
Tlazol,"filth, sin, or fertility",Tlazol/filth
Tlazol,"filth, sin, or fertility",Tlazol/filth
Tomatl,tomato,Tomatl/tomato
Tonal,sun or heat,Tonalco/sun or heat
Tonalco,in the sun or heat,Tonalco/sun or heat
Tonatiuh,sun,Tonatiuh/sun
Tonatiuh,sun,Tonatiuh/sun
Tototl,bird,Tototl/bird
tototl,bird,Tototl/bird
tototl,bird,Tototl/bird
tototl,bird,Tototl/bird
tototl,bird,Tototl/bird
Tzon,hair,Tzon/hair
Tzon,hair,Tzon/hair
Tzon,hair,Tzon/hair
Tzontli,stone or rock,Tzon/hair
Xal,sand,Xal/sand
xalli,sand,Xal/sand
Xihuitl,herb or,"Xihuitl/herbs, green leaves"
Xihuitl,herb or,"Xihuitl/herbs, green leaves"
Xihuitl,herb or,"Xihuitl/herbs, green leaves"
Xihuitl,herb or,"Xihuitl/herbs, green leaves"
Xihuitl,herb or,"Xihuitl/herbs, green leaves"
Xihuitl,herb or,"Xihuitl/herbs, green leaves"
Xihuitl,herb or,"Xihuitl/herbs, green leaves"
Xihuitl,herb or,"Xihuitl/herbs, green leaves"
Xihuitl,herb or,"Xihuitl/herbs, green leaves"
Xihuitl,herb or,"Xihuitl/herbs, green leaves"
Xihuitl,herb or,"Xihuitl/herbs, green leaves"
Xihuitl,herb or,"Xihuitl/herbs, green leaves"
Xihuitl,herb or,"Xihuitl/herbs, green leaves"
Xihuitl,herb or,"Xihuitl/herbs, green leaves"
Xihuitl,herb or,"Xihuitl/herbs, green leaves"
Xihuitl,herb or,"Xihuitl/herbs, green leaves"
Xihuitl,herb or,"Xihuitl/herbs, green leaves"
Xihuitl,herb or,"Xihuitl/herbs, green leaves"
Xihuitl,herb or,"Xihuitl/herbs, green leaves"
Xihuitl,herb or,"Xihuitl/herbs, green leaves"
Xihuitl,herb or,"Xihuitl/herbs, green leaves"
xihuitl,turquoise or,"Xihuitl/herbs, green leaves"
Xiuh,herb or turquoise,"Xihuitl/herbs, green leaves"
Xiuh,herb or turquoise,"Xihuitl/herbs, green leaves"
Xiuh,herb or turquoise,"Xihuitl/herbs, green leaves"
Xiuh,herb or turquoise,"Xihuitl/herbs, green leaves"
Xiuh,herb or turquoise,"Xihuitl/herbs, green leaves"
Xiuhtontli,little or small,"Xihuitl/herbs, green leaves"
Xiuhtontli,little or small,"Xihuitl/herbs, green leaves"
Xiuhtontli,little or small,"Xihuitl/herbs, green leaves"
Xiuhtontli,little or small,"Xihuitl/herbs, green leaves"
Xiuhuitl,herb or year,"Xihuitl/herbs, green leaves"
Yxiuh,herb or turquoise,"Xihuitl/herbs, green leaves"
Yxiuh,herb or turquoise,"Xihuitl/herbs, green leaves"
Yxiuh,herb or turquoise,"Xihuitl/herbs, green leaves"
Yxiuh,herb or turquoise,"Xihuitl/herbs, green leaves"
Yxiuh,herb or turquoise,"Xihuitl/herbs, green leaves"
Xiyotl,resin or sap,Xiyotl/young maize ear
Xiyotl,resin or sap,Xiyotl/young maize ear
Xochitl,flower,Xochitl/flower
Xochitl,flower,Xochitl/flower
Xochitl,flower,Xochitl/flower
Xochitl,flower,Xochitl/flower
Xochitl,flower,Xochitl/flower
Xochitl,flower,Xochitl/flower
Xochitl,flower,Xochitl/flower
Xochitl,flower,Xochitl/flower
Xochitl,flower,Xochitl/flower
Xochitl,flower,Xochitl/flower
Xochitl,flower,Xochitl/flower
Xochitl,flower,Xochitl/flower
Xochitl,flower,Xochitl/flower
Xochitl,flower,Xochitl/flower
Xochitl,flower,Xochitl/flower
Xochitl,flower,Xochitl/flower
Xochitl,flower,Xochitl/flower
Xochitl,flower,Xochitl/flower
Xochitl,flower,Xochitl/flower
Xochitl,flower,Xochitl/flower
Xochitl,flower,Xochitl/flower
Xochitl,flower,Xochitl/flower
Xochitl,flower,Xochitl/flower
Xochitl,flower,Xochitl/flower
Xochitl,flower,Xochitl/flower
Xochitl,flower,Xochitl/flower
Xochitl,flower,Xochitl/flower
Xochitl,flower,Xochitl/flower
Xochitl,flower,Xochitl/flower
Xochitl,flower,Xochitl/flower
Xochitl,flower,Xochitl/flower
Xochitl,flower,Xochitl/flower
Xochitl,flower,Xochitl/flower
Xochitl,flower,Xochitl/flower
Xococ,sour,Xocotl/sour fruit
Xocotl,sour fruit,Xocotl/sour fruit
Xocotl,sour fruit,Xocotl/sour fruit
Xocotl,sour fruit,Xocotl/sour fruit
Xocotl,sour fruit,Xocotl/sour fruit
Xocotl,sour fruit,Xocotl/sour fruit
Xoxocoyolin,sour fruit or tart thing,Xocotl/sour fruit
Xoxocoyolin,sour fruit or tart thing,Xocotl/sour fruit
Xoxocoyolin,sour fruit or tart thing,Xocotl/sour fruit
xoxoctli,sourness or tart item,Xocotl/sour fruit
Xoxouca,sour or acidic,Xocotl/sour fruit
Xoxouhca,greenish-blue place or sourness,Xocotl/sour fruit
Xoxouhca,greenish-blue place or sourness,Xocotl/sour fruit
Xoxouhqui,greenish-blue,Xocotl/sour fruit
Yauhtli,medicinal or marigold-like,Yauhtli/medicinal marigold
Yauhtli,medicinal or marigold-like,Yauhtli/medicinal marigold
Zaca,grass,Zacatl/grass
Zaca,grass,Zacatl/grass
Zacatl,grass or hay,Zacatl/grass
Zacatl,grass or hay,Zacatl/grass
Zacatl,grass or hay,Zacatl/grass
Achiyotl,juice or sap,
Ahquitl,spine or thorn,
Ahuatl,oak or bark,
Ahuehuetl,montezuma cypress,
Ahuexotl,ahuehuete cypress,
Ahuiyak,odorous,
Alahuac,water,
alotl,water,
Amolli,gourd or vessel,
Apopotli,bubbling or foam,
Atzonyatl,rivulet or stream,
Avat,parrot,
Ayo,twig or branch,
Azcapanixua,possibly ‚Äòto scatter‚Äô or ‚Äòspread‚Äô,
Aztatl,egret or heron,
Cacahuatl,cacao,
Cacalo,green or fresh,
Cacapol,leaf or foliage,
Cacaua,bitter or harsh,
camallo,grouper or sea fish,
camallo,grouper or sea fish,
Camotli,sweet potato,
Canantzin,mother or revered woman,
canauhtli,vulture or buzzard,
Capa,strong or thick,
Capolli,stem or stalk,
Capul,cherry or small fruit,
Cecen,soft or tender,
Chia,oil-seed,
Chian,chia,
Chicome,seven,
Chipauac,clean or pure,
Chiyava,"to open, sprout",
Cihua,woman or female,
Cima,shoot or sprout,
Coatl,serpent or twin,
Cochiz,asleep or dormant,
Cochiz,asleep or dormant,
Cocotl,bird of prey,
Cocotl,bird of prey,
Cohua,owner or possessor,
Cohua,owner or possessor,
cohuatl,snake,
Colo,bent or twisted,
Colotl,scorpion or twist,
Colotl,scorpion or twist,
Colotli,scorpion,
Couh,yellow or gold,
Coz,yellow or shiny,
Coztli,yellow,
Cuecuetz,hunchbacked or twisted,
Cuetlachtli,wolf,
Cuilol,"scroll, writing, or painting",
Ez,slippery or slimy,
Ezquahuitl,slender or sapling,
Hahuachcho,uncertain or onomatopoeic,
Holli,round or ball-shaped,
Hoxitl,resin or gum,
Huacal,container or box,
Huactli,forked or horned,
Huactli,forked or horned,
huatzin,splashing or diving bird,
Huauhtli,amaranth,
Huaxin,gourd or squash,
Huelic,tasty or pleasant,
Huetzcani,thin or spindly,
Huexo,bone,
Huey,great or large,
huilotl,duck,
Huitl,tail or feather,
Illin,leaf or foliage,
Illin,leaf or foliage,
Itzli,obsidian or blade,
Itzquin,black obsidian or dark,
Izqui,black or dark,
Izqui,black or dark,
Izqui,black or dark,
Izqui,black or dark,
lahuitl,ointment or pigment,
Macpal,hand or palm,
Maitl,hand or arm,
Malinalli,twisted grass or,
Mallotic,slimy or sticky,
mamatlatzin,cloth bundle or revered bundle,
Mamaxtla,possibly a place name,
Mamaxtla,possibly a place name,
Matlal,blue-green or dark green,
Matlalin,green or blue-green,
Maza,deer,
Memetla,lumps or nodes,
Memeya,wrinkled or shriveled,
Metl,plant or agave,
Metzli,moon,
Mexix,may relate to mexica,
Miztli,mountain lion or puma,
Mochiva,it becomes,
Mocuepani,to be turned or reversed,
Molo,tangled or mashed,
Nacaztli,ear or earring,
Necouh,scented or aromatic,
Nelhuatl,dark or black,
Nelhuatl,dark or black,
Nen,useless or vain,
Nenepilli,tongue or protuberance,
Nexehuac,possibly place name,
Nonochton,variant of prickly pear or soft fruit,
ocelotl,jaguar,
Octli,pulque or fermented drink,
Ohua,morning or dew,
Oya,leaf,
Pachtzin,diminutive of pachtli hay or straw,
Papa,flat,
Patlahuac,spread out or flat,
Pezotl,bat,
Piciyetl,resin or sap,
Pilihuiz,fine or soft,
Pilihuiz,fine or soft,
Piltzinte,young or noble child,
Popoloua,to rot or decompose,
Popotli,smoke,
Pozahualiz,misted or steamed,
Quappo,beautiful or good-looking,
quatzin,sacred or revered,
quechol,roseate spoonbill,
quetzaliztli,preciousness or beauty,
Quietl,thing or object,
Quilti,to twist,
Quilti,to twist,
Quitl,sickness or illness,
tapachtli,mat or pad,
Teco,ash or burnt,
Tecpatl,flint or obsidian blade,
Temahuitztih,to descend or rain,
Temamatlatzin,esteemed container or bearer,
Tepa,to peel or flay,
Tepaquilti,medicine that causes vomiting or sweat,
Tequam,"people, crowd, or enemy",
Tequixqui,saline or salt-covered,
Tetezhuatic,burning or explosive sound,
Tetlahuitl,divine flame or incense,
Tetzmi,spur or spine,
Tetzmi,spur or spine,
Tetzmitl,thorn or spine,
Tezon,boiling or bubbling,
Tlacol,field or cultivated land,
Tlaloc,rain god,
Tlapal,color or dye,
Tlapalli,pigment or color,
Tlapatl,"herb or medicine, often purgative",
Tlapol,ground or crushed,
Tlaquilin,possibly tla thing and quilin medicinal,
Tlatlacotic,burning or painful from tlatlacoa to burn or hurt,
Tlatlanquaye,may relate to eating or consumption from tlanquayea,
Tlatlaolton,may relate to tlatlaolli toasted maize and a diminutive,
Tlemaitl,fire-hand or fireholder,
Tlil,black or dark,
Toch,fire,
tochtli,rabbit,
Tohmiyo,possibly pulque,
Tol,lip or border,
Tolohua,to roll or wrap,
Tomaz,cold,
tomolli,rolled or bundle,
Tonaca,flesh or nourishment,
Tonan,our mother goddess,
Tontli,diminutive suffix,
Tontli,diminutive suffix,
Topozan,foam or froth,
Totec,our lord,
Totoloctzin,honorific form of totoloc possibly turkey,
Totonqui,hot or warm,
Totzin,revered or honorable,
Toya,flowing or spring,
Tzacouh,hard or dry,
Tzapotl,soft fruit,
Tzayanal,uncertain possibly scattered or branched,
Tzihuac,resinous or aged,
Tzitzic,buzz or shrill sound,
Tzitzicaztli,buzzing insect or cicada,
Tzitzicaztli,buzzing insect or cicada,
Tzitzicaztli,buzzing insect or cicada,
Tzitzicaztli,buzzing insect or cicada,
Tzitzicaztli,buzzing insect or cicada,
tzitzicuilotl,water,
Tzitzilin,small bird or finch,
Tzopelica,sweet,
Tzotzoca,mossy or downy,
Tzotzotlani,bubbling or gurgling,
Xa,possibly intensifying,
Xe,dry or brittle,
Xilo,tender or young,
Xilo,tender or young,
Xipehualli,season or festival,
Xomalin,"slippery, tender, possibly related to cooked maize dough",
Xoyatl,branch/twig,
Y,vegetative prefix,
Yac,fragrant or scented,
Yamanqui,poisonous or harmful,
Yamanqui,poisonous or harmful,
Yapaloni,to turn or twist,
Yayahual,round or circular,
Yecotl,mucilage or slime,
Yelli,foam or froth,
Ylin,leaf or foliage,
Ylin,leaf or foliage,
Yollo,heart,
Yotl,essence or heart,
Yzacauh,frost or ice,
zanatl,water,
Zolin,quail,
Zozoyatic,sourish or tangy,